PDB,CHAIN,WILD_RES,POSITION,MUTANT_RES,PH,TEMPERATURE,EXP_DDG
1A43,A,G,156,A,7.3,25,-2.4
1A43,A,E,159,D,7.3,25,-4.55
1A43,A,R,167,A,7.3,25,-4.55
1A43,A,W,184,A,7.3,25,-0.7
1A43,A,C,218,S,7.3,25,-3.7
1A5E,A,W,15,D,8.5,20,0.19
1A5E,A,L,37,S,8.5,20,0.81
1A5E,A,L,121,R,8.5,20,0.55
1AEP,A,L,14,K,7.4,25,-1.18
1AEP,A,T,28,A,7.4,25,0.48
1AEP,A,A,137,K,7.4,25,-1.4
1AEP,A,T,141,A,7.4,25,-1.03
1AG2,A,M,129,V,7,25,-0.11
1AG2,A,F,175,W,7,22,-0.05
1AG2,A,V,180,I,7,25,-0.25
1AG2,A,T,183,A,7,25,-4.04
1AG2,A,T,190,V,7,25,0.19
1AG2,A,F,198,S,7,25,-2.15
1AG2,A,E,200,K,7,25,-0.23
1AG2,A,R,208,H,7,25,-1.05
1AG2,A,V,210,I,7,25,-0.07
1AG2,A,Q,217,R,7,25,-1.88
1AJ3,A,H,10,A,7,25,0.5
1AJ3,A,H,10,G,7,25,-0.5
1AJ3,A,F,12,A,7,25,-3.7
1AJ3,A,F,12,L,7,25,-1.3
1AJ3,A,R,14,A,7,25,-0.3
1AJ3,A,R,14,G,7,25,-1.9
1AJ3,A,M,16,A,7,25,-2.2
1AJ3,A,D,17,A,7,25,-0.2
1AJ3,A,D,17,G,7,25,-1.2
1AJ3,A,S,21,A,7,25,0.5
1AJ3,A,S,21,G,7,25,-0.5
1AJ3,A,W,22,F,7.5,25,-1.31
1AJ3,A,I,23,A,7,25,-3.6
1AJ3,A,I,23,V,7,25,-1.6
1AJ3,A,E,25,A,7,25,0.1
1AJ3,A,E,25,G,7,25,-1.1
1AJ3,A,K,26,A,7,25,0
1AJ3,A,V,30,A,7,25,-0.2
1AJ3,A,T,40,A,7,25,0.3
1AJ3,A,T,40,G,7,25,-0.1
1AJ3,A,V,42,A,7,25,-0.4
1AJ3,A,N,44,A,7,25,0.2
1AJ3,A,N,44,G,7,25,-0.4
1AJ3,A,L,45,A,7,25,-0.2
1AJ3,A,K,47,A,7,25,0.4
1AJ3,A,K,47,G,7,25,-0.5
1AJ3,A,H,49,A,7,25,-1.4
1AJ3,A,R,51,A,7,25,0.3
1AJ3,A,R,51,G,7,25,-0.6
1AJ3,A,L,52,A,7,25,-2.8
1AJ3,A,A,54,G,7,25,-1.1
1AJ3,A,L,56,A,7,25,-3.8
1AJ3,A,A,58,G,7,25,-1.1
1AJ3,A,H,59,A,7,25,-2.3
1AJ3,A,I,63,A,7,25,-2.8
1AJ3,A,I,63,V,7,25,-0.6
1AJ3,A,Q,64,A,7,25,-0.7
1AJ3,A,Q,64,G,7,25,-1.8
1AJ3,A,V,66,A,7,25,-2.3
1AJ3,A,D,68,A,7,25,-0.1
1AJ3,A,D,68,G,7,25,-1.3
1AJ3,A,K,72,A,7,25,-0.1
1AJ3,A,K,72,G,7,25,-1.4
1AJ3,A,L,73,A,7,25,-2.4
1AJ3,A,I,84,A,7,25,-2
1AJ3,A,I,84,V,7,25,-0.6
1AJ3,A,Q,86,A,7,25,0
1AJ3,A,Q,86,G,7,25,-1.3
1AJ3,A,L,88,A,7,25,-2.8
1AJ3,A,A,89,G,7,25,-1.1
1AJ3,A,F,91,A,7,25,-2.8
1AJ3,A,F,91,L,7,25,0.5
1AJ3,A,D,93,A,7,25,0.7
1AJ3,A,D,93,G,7,25,-0.3
1AJ3,A,W,95,F,7,25,-2.1
1AJ3,A,K,96,A,7,25,-0.4
1AJ3,A,K,96,G,7,25,-1.3
1AJ3,A,L,98,A,7,25,-3.8
1AJ3,A,Q,100,A,7,25,0.4
1AJ3,A,Q,100,G,7,25,-0.7
1AJ3,A,A,102,G,7,25,-2.6
1AJ3,A,A,104,G,7,25,-1.8
1AJ3,A,R,105,A,7,25,0
1AKY,A,V,8,I,7.5,25,-1.2
1AKY,A,Q,48,E,7.7,25,-0.96
1AKY,A,T,77,H,6.4,25,-0.9
1AKY,A,T,110,H,6.3,25,-2.13
1AKY,A,N,169,D,7.5,25,-2.15
1AKY,A,I,213,F,7.5,25,-1.91
1AM7,A,H,31,D,7,25,-1.6
1AM7,A,H,48,N,7,25,-5
1AMQ,A,C,82,A,7.5,25,-0.45
1AMQ,A,C,82,S,7.5,25,-2.44
1AMQ,A,C,191,A,7.5,25,-1.12
1AMQ,A,C,191,F,7.5,25,-0.9
1AMQ,A,C,191,G,7.5,25,-0.02
1AMQ,A,C,191,R,7.5,25,-1.69
1AMQ,A,C,191,S,7.5,25,-1.44
1AMQ,A,C,191,W,7.5,25,-2.25
1AMQ,A,C,191,Y,7.5,25,-1.05
1AMQ,A,C,192,A,7.5,25,-1.21
1AMQ,A,C,192,S,7.5,25,-0.99
1AMQ,A,C,270,A,7.5,25,-1.68
1AMQ,A,C,401,A,7.5,25,1.06
1AMQ,A,C,401,S,7.5,25,-1.79
1ANK,A,D,84,H,7.2,51.8,-1.4
1ANK,A,G,85,V,7.2,51.8,-2.4
1ANK,A,F,86,L,7.2,51.8,-0.8
1ANK,A,R,88,G,7.4,51.8,-0.1
1AON,U,I,3,C,7.8,25,-0.44
1AON,U,I,3,W,7.8,25,-0.25
1AON,U,I,48,W,7.8,25,-0.2
1AON,U,V,95,C,7.8,25,-0.25
1APS,A,Y,11,F,5.5,28,1.04
1APS,A,Y,11,I,5.5,28,-2.24
1APS,A,V,13,A,5.5,28,-2.63
1APS,A,V,17,A,5.5,28,-1.84
1APS,A,V,20,A,5.5,28,-0.28
1APS,A,F,22,L,5.5,28,-1.29
1APS,A,Y,25,A,5.5,28,0.1
1APS,A,A,30,G,5.5,28,-1.65
1APS,A,V,36,A,5.5,28,-2.54
1APS,A,W,38,F,5.5,28,-0.02
1APS,A,V,39,A,5.5,28,-1.63
1APS,A,T,42,A,5.5,28,-1.84
1APS,A,G,45,A,5.5,28,-1.73
1APS,A,V,47,A,5.5,28,-1.87
1APS,A,V,51,A,5.5,28,-1.88
1APS,A,W,64,A,5.5,28,-1.5
1APS,A,I,75,V,5.5,28,-1.41
1APS,A,T,78,S,5.5,28,-1.41
1APS,A,E,83,D,5.5,28,-1.51
1APS,A,I,86,V,5.5,28,-1.57
1APS,A,L,89,A,5.5,28,-1.67
1ARR,A,Q,9,G,7.5,25,0.22
1ARR,A,R,13,G,7.5,25,0.27
1ARR,A,R,16,G,7.5,25,-0.64
1ARR,A,E,17,G,7.5,25,-0.57
1ARR,A,L,19,Q,7.5,25,-0.9
1ARR,A,D,20,G,7.5,25,-1.35
1ARR,A,R,23,G,7.5,25,-1.04
1ARR,A,K,24,G,7.5,25,-1.23
1ARR,A,K,24,T,7.5,25,-0.6
1ARR,A,E,27,G,7.5,25,-0.43
1ARR,A,E,28,G,7.5,25,-0.84
1ARR,A,N,34,G,7.5,25,0.23
1ARR,A,S,35,G,7.5,25,-0.24
1ARR,A,Q,39,G,7.5,25,-0.65
1ARR,A,K,46,G,7.5,25,-0.73
1ARR,A,K,47,G,7.5,25,-0.57
1ARR,A,E,48,G,7.5,25,-1.14
1AZP,A,V,30,I,7,50,0.7
1B26,A,R,190,A,7,39,-0.36
1B26,A,K,193,A,7,39,0.38
1B26,A,E,231,A,7,39,-0.49
1B8E,A,W,19,Y,7.1,30,-3.45
1BLC,A,D,179,N,6.5,20,-0.44
1BNI,A,I,4,A,6.3,25,-1.11
1BNI,A,I,4,V,6.3,25,-0.69
1BNI,A,N,5,A,6.3,25,-1.83
1BNI,A,T,6,A,6.3,25,-2.21
1BNI,A,T,6,D,6.3,25,0.11
1BNI,A,T,6,E,6.3,25,-0.27
1BNI,A,T,6,G,6.3,25,-1.09
1BNI,A,T,6,H,6.8,25,-2.06
1BNI,A,T,6,N,6.3,25,-1.27
1BNI,A,T,6,Q,6.3,25,-1.87
1BNI,A,T,6,S,6.3,25,-0.22
1BNI,A,F,7,L,6.2,25,-4.35
1BNI,A,D,8,A,5.9,25,-0.8
1BNI,A,D,8,G,6.3,25,-1.23
1BNI,A,D,8,S,6.3,25,-0.84
1BNI,A,V,10,A,6.3,25,-3.46
1BNI,A,V,10,T,6.3,25,-2.37
1BNI,A,D,12,A,6.3,25,-0.09
1BNI,A,D,12,G,5.3,25,-0.76
1BNI,A,D,12,S,6.3,25,-0.77
1BNI,A,Y,13,A,6.3,25,-3.49
1BNI,A,Y,13,F,6.3,25,-0.52
1BNI,A,L,14,A,6.3,29.6,-4.51
1BNI,A,Q,15,I,6.3,25,1.19
1BNI,A,T,16,A,6.3,25,-0.38
1BNI,A,T,16,G,6.3,25,-1.48
1BNI,A,T,16,R,6,25,0.24
1BNI,A,T,16,S,6.3,25,-1.66
1BNI,A,Y,17,A,6.3,25,-2.12
1BNI,A,Y,17,F,6.3,25,-0.44
1BNI,A,Y,17,G,6.3,25,-4.02
1BNI,A,Y,17,S,6.3,25,-2.28
1BNI,A,H,18,A,6.3,25,-1.99
1BNI,A,H,18,D,6.3,25,-2.38
1BNI,A,H,18,G,6.6,25,-0.65
1BNI,A,H,18,K,6.3,25,-1.05
1BNI,A,H,18,N,6.3,25,-1.74
1BNI,A,H,18,Q,6.3,25,-1.52
1BNI,A,H,18,R,6.3,25,-1.09
1BNI,A,H,18,S,6.3,25,-2.19
1BNI,A,K,19,R,6.3,25,0.54
1BNI,A,D,22,M,4.4,25,-0.27
1BNI,A,N,23,A,6.3,25,-2.27
1BNI,A,Y,24,F,6.3,25,0.05
1BNI,A,I,25,A,6.3,25,-3.59
1BNI,A,I,25,V,6.3,25,-1.05
1BNI,A,T,26,A,6.3,25,-1.95
1BNI,A,T,26,D,6.3,25,-0.04
1BNI,A,T,26,E,6.3,25,-0.05
1BNI,A,T,26,G,5.9,25,-1.48
1BNI,A,T,26,N,6.3,25,-1.29
1BNI,A,T,26,Q,6.3,25,-1.72
1BNI,A,T,26,S,6.3,25,-0.56
1BNI,A,T,26,V,6.3,25,-2.31
1BNI,A,K,27,A,6.3,25,0.44
1BNI,A,K,27,G,6.3,25,-0.3
1BNI,A,S,28,A,6.3,25,0.5
1BNI,A,S,28,E,6.3,25,0.5
1BNI,A,S,28,G,6.3,25,-0.47
1BNI,A,E,29,A,6.3,25,-1.28
1BNI,A,E,29,G,6.3,25,-1.91
1BNI,A,E,29,Q,6.3,25,-0.11
1BNI,A,E,29,S,6.3,25,-1.22
1BNI,A,Q,31,A,6.3,25,-0.03
1BNI,A,Q,31,G,6.3,25,-1.04
1BNI,A,Q,31,S,6.3,25,0
1BNI,A,A,32,C,6.3,25,-1.42
1BNI,A,A,32,D,6.3,25,-0.56
1BNI,A,A,32,E,6.3,25,-0.24
1BNI,A,A,32,F,6.3,25,-0.56
1BNI,A,A,32,G,6.3,25,-0.82
1BNI,A,A,32,H,6.3,25,-0.75
1BNI,A,A,32,I,6.3,25,-0.74
1BNI,A,A,32,K,6.3,25,-0.15
1BNI,A,A,32,L,6.3,25,-0.11
1BNI,A,A,32,M,6.3,25,-0.19
1BNI,A,A,32,N,6.3,25,-0.51
1BNI,A,A,32,Q,6.3,25,-0.43
1BNI,A,A,32,R,6.3,25,-0.15
1BNI,A,A,32,S,6.3,25,-0.28
1BNI,A,A,32,T,6.3,25,-0.64
1BNI,A,A,32,V,6.3,25,-0.62
1BNI,A,A,32,W,6.3,25,-1.07
1BNI,A,A,32,Y,6.3,25,-0.75
1BNI,A,L,33,Q,6.3,25,-1.34
1BNI,A,G,34,A,6.3,25,-2.91
1BNI,A,G,34,D,6.3,25,-3.3
1BNI,A,G,34,H,6.6,25,-2.62
1BNI,A,G,34,K,6.3,25,-2.91
1BNI,A,G,34,N,6.3,25,-2.72
1BNI,A,G,34,R,6.3,25,-2.61
1BNI,A,G,34,S,6.3,25,-3.05
1BNI,A,G,34,T,6.3,25,-3.28
1BNI,A,V,36,A,6.3,25,-1.4
1BNI,A,V,36,T,6.3,25,-1.11
1BNI,A,N,41,D,6.3,25,-2.54
1BNI,A,D,44,E,6.3,25,-0.11
1BNI,A,V,45,A,6.3,25,-1.61
1BNI,A,V,45,T,6.3,25,-2.34
1BNI,A,I,51,A,6.3,25,-4.71
1BNI,A,I,51,V,5.9,25,-1.66
1BNI,A,G,53,A,6.3,54.1,-3.4
1BNI,A,D,54,A,6.3,25,-3.04
1BNI,A,D,54,N,6,25,-2.42
1BNI,A,I,55,A,6.3,25,-1.29
1BNI,A,I,55,T,6.3,25,-0.94
1BNI,A,I,55,V,6.3,25,-0.37
1BNI,A,S,57,A,6.3,25,0.15
1BNI,A,N,58,A,6.3,25,-2.27
1BNI,A,N,58,D,6.3,25,0.4
1BNI,A,R,59,A,6.3,25,0.64
1BNI,A,K,62,R,6.3,25,-0.35
1BNI,A,G,65,S,6.3,25,0.74
1BNI,A,K,66,A,6.3,25,0.59
1BNI,A,R,69,K,6.3,25,-3.2
1BNI,A,R,69,M,5.5,25,-2.04
1BNI,A,R,69,S,6.3,25,-2.83
1BNI,A,E,73,A,6.3,25,-2.4
1BNI,A,E,73,F,6.3,25,-2.1
1BNI,A,E,73,Q,6.3,25,-2.7
1BNI,A,E,73,W,6.3,25,-2.2
1BNI,A,I,76,A,6.3,25,-1.71
1BNI,A,I,76,T,6.3,25,-2.64
1BNI,A,I,76,V,6.3,25,-0.87
1BNI,A,N,77,A,6.3,25,-1.63
1BNI,A,Y,78,F,6.3,25,-1.35
1BNI,A,T,79,V,6.3,25,0.24
1BNI,A,R,83,K,6.3,25,-4.43
1BNI,A,R,83,Q,5.5,25,-1.47
1BNI,A,N,84,A,6.3,25,-1.94
1BNI,A,S,85,A,6.3,25,0.08
1BNI,A,I,88,A,6.3,29.9,-4.01
1BNI,A,I,88,L,6.3,25,-0.16
1BNI,A,I,88,V,6.1,29,-1.41
1BNI,A,L,89,T,6.3,25,-2.82
1BNI,A,L,89,V,6.3,25,-0.3
1BNI,A,S,91,A,5.7,25,-1.84
1BNI,A,S,92,A,5.9,25,-2.89
1BNI,A,D,93,N,6.3,25,-4.03
1BNI,A,W,94,F,7.3,25,-1.04
1BNI,A,W,94,L,7.8,25,-1.12
1BNI,A,W,94,Y,7.3,25,-1.24
1BNI,A,I,96,A,6.3,28.4,-3.31
1BNI,A,I,96,V,5.9,28.1,-0.97
1BNI,A,T,99,V,6.3,25,-2.87
1BNI,A,H,102,A,6.3,25,-0.24
1BNI,A,Y,103,F,6.3,25,-0.06
1BNI,A,Q,104,A,6.3,25,-0.13
1BNI,A,T,105,V,6.3,25,-2.21
1BNI,A,K,108,R,6.3,25,0.84
1BNI,A,I,109,A,6.3,25,-1.74
1BNI,A,I,109,V,6.3,25,-0.8
1BNI,A,R,110,A,6.3,25,-0.1
1BOY,A,R,200,W,7.5,23,0.6
1BTA,A,K,21,A,8,25,-1.04
1BTA,A,K,21,Q,8,25,-1.09
1BTA,A,K,22,Q,8,25,-0.79
1BTA,A,C,40,A,7,25,0.1
1BTA,A,E,57,K,8,25,-0.7
1BTA,A,K,60,E,8,25,-1.17
1BTA,A,K,60,L,8,25,0.55
1BTA,A,R,75,L,8,25,0.75
1BTA,A,R,75,Q,8,25,-0.37
1BTA,A,K,78,A,8,25,-0.05
1BTA,A,K,78,Q,8,25,0.38
1BTA,A,C,82,A,7.2,25,-0.1
1BVC,A,W,7,F,7.8,4,-0.9
1BVC,A,W,14,F,7.8,4,-1.1
1BVC,A,H,24,V,7,0,-0.52
1BVC,A,I,28,A,6.6,36.8,-0.86
1BVC,A,I,28,L,11,76.5,-0.6
1BVC,A,I,28,M,11,76.5,-0.6
1BVC,A,I,28,V,11,76.5,0
1BVC,A,L,29,A,6.6,36.8,-0.63
1BVC,A,L,29,I,11,76.5,-1.1
1BVC,A,L,29,M,11,76.5,0.1
1BVC,A,L,29,V,11,76.5,-1.7
1BVC,A,I,30,A,5.2,25,-0.65
1BVC,A,L,32,A,5.2,25,-0.92
1BVC,A,H,36,Q,7.8,3.7,-0.83
1BVC,A,H,48,Q,7,0,-0.62
1BVC,A,L,49,I,11,76.5,-0.8
1BVC,A,H,64,Q,7,0,-0.45
1BVC,A,V,68,T,7.8,4,-0.6
1BVC,A,L,69,A,11,76.5,-1.2
1BVC,A,L,69,I,11,76.5,0
1BVC,A,L,69,M,11,76.5,0
1BVC,A,L,69,V,11,76.5,-0.1
1BVC,A,H,82,Q,7,0,-0.05
1BVC,A,H,93,G,7,0,0.04
1BVC,A,I,111,A,11,76.5,-1.8
1BVC,A,I,111,L,11,76.5,-0.6
1BVC,A,I,111,M,11,76.5,-1.1
1BVC,A,H,113,Q,7,0,-0.26
1BVC,A,H,119,F,7,0,-0.68
1BVC,A,F,123,K,7.8,4,-2.1
1BVC,A,F,123,T,7.5,0,-2.62
1BVC,A,A,130,K,7.8,3.8,-2.17
1BVC,A,A,130,L,7.8,3.8,-0.99
1BVC,A,M,131,A,7.8,4,-2.2
1BVC,A,L,135,I,11,76.5,-1.5
1BVC,A,L,135,M,11,76.5,-0.8
1BVC,A,L,135,V,11,76.5,-2.2
1BVC,A,I,142,A,11,76.5,-1.1
1BVC,A,I,142,L,11,76.5,0.6
1BVC,A,I,142,M,11,76.5,0.9
1BVC,A,I,142,V,11,76.5,-0.1
1C9O,A,Q,2,L,7,47.6,0.48
1C9O,A,R,3,A,7,70,-1.88
1C9O,A,R,3,E,7,47.6,-1.46
1C9O,A,R,3,K,7,70,-0.19
1C9O,A,R,3,L,7,47.6,-0.11
1C9O,A,N,11,S,7,47.6,0.11
1C9O,A,E,12,K,7,75,-0.32
1C9O,A,Y,15,F,7,47.6,-0.05
1C9O,A,E,21,A,7,70,-0.29
1C9O,A,E,21,K,7,75,-0.31
1C9O,A,G,23,Q,7,47.6,-0.13
1C9O,A,S,24,D,7,47.6,0.17
1C9O,A,H,29,E,7,75,-0.61
1C9O,A,T,31,S,7,47.6,0.1
1C9O,A,E,36,K,7,75,-0.45
1C9O,A,F,38,W,7,25,0.24
1C9O,A,E,46,A,7,47.6,0.01
1C9O,A,E,46,K,7,75,-0.57
1C9O,A,E,50,K,7,75,-0.58
1C9O,A,E,50,W,7,25,0.07
1C9O,A,Q,53,E,7,47.6,-0.03
1C9O,A,N,55,K,7,75,-0.03
1C9O,A,R,56,E,7,75,0.69
1C9O,A,V,64,T,7,47.6,-0.3
1C9O,A,L,66,E,7,47.6,-0.97
1CAH,A,W,5,F,7.5,23,-1.8
1CAH,A,C,206,S,7.5,23,2.35
1CEY,A,D,12,A,7,25,2.5
1CEY,A,D,13,A,7,25,2.7
1CEY,A,F,14,N,7.5,25,2.64
1CEY,A,A,48,G,8,25,0.06
1CEY,A,D,57,A,7,25,3.3
1CEY,A,A,74,G,8,25,-0.31
1CEY,A,A,77,G,8,25,-0.31
1CEY,A,A,80,G,8,25,0.43
1CEY,A,A,88,G,8,25,0.04
1CEY,A,A,90,G,8,25,0.35
1CEY,A,A,99,G,8,25,-0.48
1CEY,A,A,101,G,8,25,-0.95
1CEY,A,A,113,G,8,25,-0.75
1CEY,A,A,114,G,8,25,-0.5
1CHK,A,W,28,F,7,43.2,-4.43
1CHK,A,W,101,F,7,43.2,-4.27
1CHK,A,W,227,F,7,43.2,-2.51
1CSE,I,V,14,A,7,25,-1.04
1CSE,I,V,18,A,7,25,-1.2
1CSE,I,L,27,A,7,25,-0.16
1CSE,I,V,54,A,7,25,-1.58
1CSE,I,V,62,A,7,25,-1.01
1CSP,A,M,1,R,7,70,1.75
1CSP,A,E,3,K,7,70,2.75
1CSP,A,E,3,L,7,70,1.59
1CSP,A,E,3,Q,7.5,55,1.14
1CSP,A,E,3,R,7.3,52.8,1.77
1CSP,A,N,10,D,7.5,55,0.38
1CSP,A,F,15,A,7,43.3,-2.07
1CSP,A,F,17,A,7,43.3,-1.47
1CSP,A,D,25,Q,7.5,55,-0.79
1CSP,A,F,27,A,7,43.3,-0.84
1CSP,A,F,38,A,7,42.5,0.22
1CSP,A,E,43,S,7,70,0.29
1CSP,A,A,46,E,7,70,-0.59
1CSP,A,A,46,K,7,70,1.41
1CSP,A,S,48,E,7.5,55,0.04
1CSP,A,S,48,R,7,70,1.58
1CSP,A,E,50,Q,7.5,55,-1.16
1CSP,A,R,56,Q,7.5,55,0.28
1CSP,A,K,65,I,7,70,1.53
1CSP,A,E,66,K,7,70,2.18
1CSP,A,E,66,L,7,47.6,1.6
1CUN,A,Q,115,A,7,25,-0.15
1CUN,A,Q,115,G,7,25,-1.15
1CUN,A,F,117,L,7,25,-2.55
1CUN,A,A,119,G,7,25,-1.75
1CUN,A,A,126,G,7,25,-1.65
1CUN,A,I,128,A,7,25,-1.65
1CUN,A,I,128,V,7,25,-2.85
1CUN,A,K,152,A,7,25,-0.15
1CUN,A,K,152,G,7,25,-1.45
1CUN,A,A,156,G,7,25,-1.45
1CUN,A,F,157,L,7,25,-1.85
1CUN,A,V,163,A,7,25,0.15
1CUN,A,V,163,G,7,25,-0.85
1CUN,A,H,164,A,7,25,-2.35
1CUN,A,V,171,A,7,25,-1.55
1CUN,A,A,173,G,7,25,-1.95
1CUN,A,A,191,G,7,25,-1.35
1CUN,A,M,193,A,7,25,-2.65
1CUN,A,L,196,A,7,25,-4.55
1CUN,A,G,198,A,7,25,0.45
1CUN,A,S,201,A,7,25,0.15
1CUN,A,S,201,G,7,25,-0.95
1CUN,A,L,203,A,7,25,-4.05
1CUN,A,A,206,G,7,25,-2.25
1CUN,A,A,212,G,7,25,-1.45
1CUN,A,L,214,A,7,25,-3.65
1DKT,A,I,6,V,7.5,10,-0.57
1DKT,A,Y,8,A,7.5,10,-0.68
1DKT,A,S,9,A,7.5,10,-0.43
1DKT,A,K,11,A,7.5,10,0.62
1DKT,A,F,17,L,7.5,10,-2.58
1DKT,A,E,18,A,7.5,10,-0.81
1DKT,A,V,22,A,7.5,10,-1.36
1DKT,A,V,32,A,7.5,10,-1.07
1DKT,A,S,39,A,7.5,10,-0.6
1DKT,A,L,46,A,7.5,10,-2.04
1DKT,A,V,55,A,7.5,10,-0.73
1DKT,A,V,55,G,7.5,10,-2.04
1DKT,A,M,58,L,7.5,10,-0.23
1DKT,A,H,65,A,7.5,10,-0.51
1DKT,A,L,67,A,7.5,10,-1.98
1DKT,A,R,70,A,7.5,10,-2.8
1DKT,A,R,71,A,7.5,10,-0.59
1E65,A,V,5,A,7,25,0
1E65,A,I,7,A,7,25,-3.11
1E65,A,I,7,S,7.3,26.5,-3.44
1E65,A,I,20,A,7,25,-1.56
1E65,A,I,20,T,7,25,-2.39
1E65,A,I,20,V,7,25,-0.38
1E65,A,V,22,A,7,25,-1.44
1E65,A,V,22,T,7,25,-0.96
1E65,A,V,31,T,7,25,-1.08
1E65,A,H,46,G,7,20,-2.5
1E65,A,L,50,T,7,25,-2.34
1E65,A,L,50,V,7,25,-0.36
1E65,A,V,60,G,7,25,-3.11
1E65,A,I,81,A,7,25,-2.39
1E65,A,I,81,T,7,25,-2.51
1E65,A,I,81,V,7,25,-0.07
1E65,A,A,82,G,7,25,-3.11
1E65,A,V,95,T,7,25,0.96
1E65,A,F,110,S,7.3,26.5,-3.95
1E65,A,H,117,G,7,20,-2.18
1E65,A,L,125,A,7,25,-0.72
1EY0,A,K,6,A,7,20,0.19
1EY0,A,K,6,G,7,20,0.25
1EY0,A,L,7,A,7,20,-1.35
1EY0,A,L,7,G,7,20,-1.26
1EY0,A,L,7,I,7,20,-0.77
1EY0,A,L,7,V,7,20,-1.15
1EY0,A,H,8,A,7,20,-0.48
1EY0,A,H,8,G,7,20,-0.85
1EY0,A,K,9,A,7,20,-1.38
1EY0,A,K,9,F,7,20,-1.03
1EY0,A,K,9,G,7,20,-1.88
1EY0,A,E,10,A,7,20,-1.34
1EY0,A,E,10,G,7,20,-1.86
1EY0,A,E,10,K,7,20,-1.98
1EY0,A,E,10,Q,7,20,-0.97
1EY0,A,A,12,G,7,20,-2.37
1EY0,A,A,12,V,7,20,-0.89
1EY0,A,T,13,A,7,20,-0.73
1EY0,A,T,13,C,7,20,-1.2
1EY0,A,T,13,G,7,20,-1.16
1EY0,A,T,13,I,7,20,-0.05
1EY0,A,T,13,S,7,20,-0.35
1EY0,A,T,13,V,7,20,-0.26
1EY0,A,L,14,A,7,20,-2.38
1EY0,A,L,14,G,7,20,-3.84
1EY0,A,L,14,I,7,20,-1.6
1EY0,A,L,14,V,7,20,-1.63
1EY0,A,I,15,A,7,20,-2.73
1EY0,A,I,15,G,7,20,-3.43
1EY0,A,I,15,L,7,20,-0.62
1EY0,A,I,15,M,7,20,-0.15
1EY0,A,I,15,V,7,20,-0.88
1EY0,A,K,16,A,7,20,-0.06
1EY0,A,K,16,F,7,20,-0.38
1EY0,A,K,16,G,7,20,-0.76
1EY0,A,A,17,G,7,20,0.19
1EY0,A,A,17,V,7,20,-1.94
1EY0,A,I,18,A,7,20,-2.65
1EY0,A,I,18,G,7,20,-2.63
1EY0,A,I,18,L,7,20,-0.14
1EY0,A,I,18,M,6.7,23.6,-0.68
1EY0,A,I,18,V,7,20,-0.96
1EY0,A,D,19,A,7,20,-0.09
1EY0,A,D,19,F,7,20,-1.28
1EY0,A,D,19,G,7,20,-0.42
1EY0,A,D,19,K,7,20,-0.41
1EY0,A,D,19,N,7,20,0.07
1EY0,A,G,20,A,7,20,-0.12
1EY0,A,G,20,V,7,20,-2.18
1EY0,A,D,21,A,7,20,0.83
1EY0,A,D,21,G,7,20,0.46
1EY0,A,D,21,K,7,20,1.1
1EY0,A,D,21,N,7,20,1.43
1EY0,A,T,22,A,7,20,-1.69
1EY0,A,T,22,C,7,20,-0.95
1EY0,A,T,22,G,7,20,-2.54
1EY0,A,T,22,I,7,20,-0.61
1EY0,A,T,22,S,7,20,-0.74
1EY0,A,T,22,V,7,20,-0.85
1EY0,A,V,23,A,6.2,22.5,-2.7
1EY0,A,V,23,F,6.2,29.2,-1.93
1EY0,A,V,23,I,7,20,0.03
1EY0,A,V,23,L,7,20,-0.02
1EY0,A,V,23,S,7,20,-4.76
1EY0,A,V,23,T,7,20,-3.34
1EY0,A,K,24,A,7,20,-0.34
1EY0,A,K,24,F,7,20,-0.4
1EY0,A,K,24,G,7,20,-1.6
1EY0,A,L,25,A,6.4,40.2,-2.77
1EY0,A,L,25,G,7,20,-4.58
1EY0,A,L,25,I,7,20,-1.83
1EY0,A,L,25,V,7,20,-1.85
1EY0,A,M,26,A,7,20,-1.61
1EY0,A,M,26,G,6.2,22.5,-1.95
1EY0,A,M,26,I,7,20,-0.84
1EY0,A,M,26,L,7,20,-0.31
1EY0,A,Y,27,A,7,20,-3.63
1EY0,A,Y,27,C,7,20,-2.72
1EY0,A,Y,27,F,7,20,-0.4
1EY0,A,Y,27,H,7,20,-1.86
1EY0,A,Y,27,I,7,20,-2.28
1EY0,A,Y,27,K,7,20,-3.78
1EY0,A,Y,27,L,7,20,-1.55
1EY0,A,Y,27,M,7,20,-1.94
1EY0,A,Y,27,N,7,20,-3.83
1EY0,A,Y,27,Q,7,20,-3.31
1EY0,A,Y,27,R,7,20,-3.05
1EY0,A,Y,27,S,7,20,-3.21
1EY0,A,Y,27,T,7,20,-3.18
1EY0,A,Y,27,V,7,20,-2.65
1EY0,A,Y,27,W,7,20,-0.72
1EY0,A,K,28,A,7,20,-0.7
1EY0,A,K,28,E,7,20,-0.79
1EY0,A,K,28,F,7,20,-0.85
1EY0,A,K,28,G,7,20,-0.8
1EY0,A,K,28,Q,7,20,-0.28
1EY0,A,G,29,A,7,20,-1.41
1EY0,A,G,29,C,7,20,-1.26
1EY0,A,G,29,F,7,20,-1.46
1EY0,A,G,29,V,7,20,-3.11
1EY0,A,Q,30,A,7,20,-0.25
1EY0,A,Q,30,G,7,20,-0.93
1EY0,A,M,32,A,7,20,-1.81
1EY0,A,M,32,G,7,20,-2.54
1EY0,A,M,32,I,7,20,-0.56
1EY0,A,M,32,L,7,20,-0.76
1EY0,A,T,33,A,7,20,-1.52
1EY0,A,T,33,C,7,20,-1.04
1EY0,A,T,33,G,7,20,-2.62
1EY0,A,T,33,I,7,20,0.73
1EY0,A,T,33,S,7,20,-1.35
1EY0,A,T,33,V,7,20,0.47
1EY0,A,F,34,A,7,20,-3.8
1EY0,A,R,35,A,7,20,-1.38
1EY0,A,R,35,G,7,20,-2.26
1EY0,A,L,36,A,7,20,-3.66
1EY0,A,L,36,I,7,20,-3.09
1EY0,A,L,36,V,7,20,-3.58
1EY0,A,L,37,A,7,20,-1.51
1EY0,A,L,37,G,7,20,-3.79
1EY0,A,L,37,I,7,20,-1.82
1EY0,A,L,37,V,7,20,-2.78
1EY0,A,L,38,A,7,20,-1.51
1EY0,A,L,38,G,7,20,-0.28
1EY0,A,L,38,I,7,20,-2.06
1EY0,A,L,38,V,7,20,-0.14
1EY0,A,V,39,A,7,20,-2.16
1EY0,A,V,39,G,7,20,-4.61
1EY0,A,V,39,I,7,20,0.11
1EY0,A,V,39,L,7,20,-0.9
1EY0,A,V,39,S,7,20,-2.44
1EY0,A,V,39,T,7,20,-1.55
1EY0,A,D,40,A,7,20,0.41
1EY0,A,D,40,G,7,20,-0.38
1EY0,A,T,41,A,7,20,0.07
1EY0,A,T,41,C,7,20,0.74
1EY0,A,T,41,G,7,20,-1.79
1EY0,A,T,41,I,7,20,0.86
1EY0,A,T,41,S,7,20,-0.88
1EY0,A,T,41,V,7,20,0.9
1EY0,A,E,43,A,7,20,0.32
1EY0,A,E,43,D,7,20,0.2
1EY0,A,E,43,G,7,20,0.59
1EY0,A,T,44,A,7,20,-0.23
1EY0,A,T,44,C,7,20,-0.04
1EY0,A,T,44,G,7,20,-0.37
1EY0,A,T,44,I,7,20,-0.56
1EY0,A,T,44,S,7,20,0.04
1EY0,A,T,44,V,7,20,0.09
1EY0,A,K,45,A,7,20,0.19
1EY0,A,K,45,G,7,20,0.2
1EY0,A,H,46,A,7,20,-0.45
1EY0,A,H,46,G,7,20,-0.17
1EY0,A,H,46,Y,5.4,40,0
1EY0,A,K,48,A,7,20,0.09
1EY0,A,K,48,E,7,20,0.1
1EY0,A,K,48,F,7,20,-0.25
1EY0,A,K,48,G,7,20,0.24
1EY0,A,K,48,Q,7,20,-0.02
1EY0,A,K,49,A,7,20,-0.25
1EY0,A,K,49,F,7,20,0.2
1EY0,A,K,49,G,7,20,-0.1
1EY0,A,G,50,A,7,20,0.16
1EY0,A,G,50,C,7,20,-0.75
1EY0,A,G,50,F,7,20,-0.55
1EY0,A,G,50,V,7,20,-1
1EY0,A,V,51,A,7,20,-0.05
1EY0,A,V,51,G,7,20,-0.17
1EY0,A,V,51,I,7,20,0.09
1EY0,A,V,51,L,7,20,-0.1
1EY0,A,V,51,S,7,20,0.01
1EY0,A,V,51,T,7,20,0.2
1EY0,A,E,52,A,7,20,-0.05
1EY0,A,E,52,F,7,20,-0.51
1EY0,A,E,52,G,7,20,-0.27
1EY0,A,K,53,A,7,20,-0.17
1EY0,A,K,53,G,7,20,-0.08
1EY0,A,Y,54,A,7,20,-1.97
1EY0,A,Y,54,F,7,20,-0.38
1EY0,A,Y,54,G,7,20,-1.72
1EY0,A,Y,54,L,7,20,-3.31
1EY0,A,G,55,A,7,20,-0.44
1EY0,A,G,55,V,7,20,-1.48
1EY0,A,E,57,A,7,20,-0.1
1EY0,A,E,57,C,7,20,-0.64
1EY0,A,E,57,F,7,20,-0.79
1EY0,A,E,57,G,7,20,-1.41
1EY0,A,E,57,K,7,20,0.01
1EY0,A,E,57,Q,7,20,-0.14
1EY0,A,A,58,G,7,20,-2.53
1EY0,A,A,58,V,7,20,-2.63
1EY0,A,S,59,A,7,20,0.62
1EY0,A,S,59,F,7,20,0.56
1EY0,A,S,59,G,7,20,-1.03
1EY0,A,A,60,C,7,20,-1.12
1EY0,A,A,60,F,7,20,-0.8
1EY0,A,A,60,G,7,20,-1.45
1EY0,A,A,60,V,7,20,-2.68
1EY0,A,F,61,A,7,20,-2.34
1EY0,A,F,61,G,7,20,-4.76
1EY0,A,T,62,A,7,20,-2.23
1EY0,A,T,62,C,7,20,-1.05
1EY0,A,T,62,G,7,20,-3.52
1EY0,A,T,62,I,7,20,-1.17
1EY0,A,T,62,S,7,20,-2.15
1EY0,A,T,62,V,7,20,0.1
1EY0,A,K,63,A,7,20,-0.32
1EY0,A,K,63,E,7,20,-1.47
1EY0,A,K,63,F,7,20,-1.83
1EY0,A,K,63,G,7,20,-1.57
1EY0,A,K,63,Q,7,20,-0.89
1EY0,A,K,64,A,7,20,0.16
1EY0,A,K,64,E,7,20,-1.68
1EY0,A,K,64,F,7,20,-0.09
1EY0,A,K,64,G,7,20,-0.51
1EY0,A,K,64,Q,7,20,0
1EY0,A,M,65,A,7,20,-2.06
1EY0,A,M,65,F,7,20,-1.62
1EY0,A,M,65,G,7,20,-4.66
1EY0,A,M,65,I,7,20,-1.43
1EY0,A,M,65,L,7,20,-0.73
1EY0,A,V,66,A,7,20,-2.34
1EY0,A,V,66,G,7,20,-4.49
1EY0,A,V,66,I,7,20,-0.76
1EY0,A,V,66,K,9.2,20,-4.83
1EY0,A,V,66,L,6.8,28.9,0.37
1EY0,A,V,66,M,8.2,20,-0.14
1EY0,A,V,66,S,7,20,-3.09
1EY0,A,V,66,T,7,20,-1.34
1EY0,A,V,66,W,7,20,-2.69
1EY0,A,E,67,A,7,20,-1.05
1EY0,A,E,67,F,7,20,-1.33
1EY0,A,E,67,G,7,20,-1
1EY0,A,E,67,Q,7,20,-0.57
1EY0,A,N,68,A,7,20,-0.38
1EY0,A,N,68,G,7,20,-0.35
1EY0,A,A,69,G,7,20,-2.1
1EY0,A,A,69,T,7,20,-3.03
1EY0,A,A,69,V,7,20,-2.8
1EY0,A,K,70,A,7,20,-0.16
1EY0,A,K,70,C,7,20,-0.48
1EY0,A,K,70,E,7,20,-0.3
1EY0,A,K,70,F,7,20,-0.03
1EY0,A,K,70,G,7,20,-0.6
1EY0,A,K,70,Q,7,20,-0.25
1EY0,A,K,70,W,7,20,-0.4
1EY0,A,K,71,A,7,20,-0.55
1EY0,A,K,71,F,7,20,0.04
1EY0,A,K,71,G,7,20,-1.31
1EY0,A,I,72,L,7,20,-0.23
1EY0,A,I,72,M,7,20,-1.88
1EY0,A,I,72,V,7,20,-1.79
1EY0,A,E,73,A,7,20,-1.46
1EY0,A,E,73,F,7,20,-0.88
1EY0,A,E,73,G,7,20,-2.76
1EY0,A,E,73,K,7,20,-2.06
1EY0,A,E,73,Q,7,20,-0.64
1EY0,A,V,74,A,7,20,-3.23
1EY0,A,V,74,I,7,20,-1.91
1EY0,A,V,74,L,7,20,-1.12
1EY0,A,V,74,T,7,20,-3.88
1EY0,A,E,75,A,6.2,22.5,-1.69
1EY0,A,E,75,G,7,20,-3.43
1EY0,A,E,75,K,7,20,-2.22
1EY0,A,E,75,Q,7,20,-0.61
1EY0,A,E,75,V,7,20,-2.31
1EY0,A,F,76,A,7,20,-4.1
1EY0,A,F,76,G,7,20,-4.73
1EY0,A,D,77,A,6.5,21.6,-2.39
1EY0,A,D,77,G,7,20,-1.81
1EY0,A,D,77,K,7,20,-3.28
1EY0,A,D,77,N,7,20,-2.69
1EY0,A,K,78,A,7,20,-0.5
1EY0,A,K,78,C,7,20,-0.26
1EY0,A,K,78,E,7,20,-0.69
1EY0,A,K,78,F,7,20,0.05
1EY0,A,K,78,G,7,20,-1.07
1EY0,A,K,78,Q,7,20,-0.15
1EY0,A,G,79,A,7,20,-2.17
1EY0,A,G,79,D,7,20,-2.28
1EY0,A,G,79,S,6.5,31.5,-2.14
1EY0,A,G,79,V,7,20,-2.23
1EY0,A,Q,80,A,7,20,-0.02
1EY0,A,Q,80,F,7,20,-0.58
1EY0,A,Q,80,G,7,20,-1.25
1EY0,A,R,81,A,7,20,-1.1
1EY0,A,R,81,G,7,20,-2.06
1EY0,A,T,82,A,7,20,-0.89
1EY0,A,T,82,C,7,20,-0.19
1EY0,A,T,82,G,7,20,-2.03
1EY0,A,T,82,I,7,20,0.51
1EY0,A,T,82,S,7,20,-0.75
1EY0,A,T,82,V,7,20,0.24
1EY0,A,D,83,A,7,20,-3.76
1EY0,A,D,83,G,7,20,-2.64
1EY0,A,K,84,A,7,20,0.1
1EY0,A,K,84,E,7,20,0
1EY0,A,K,84,F,7,20,-0.75
1EY0,A,K,84,G,7,20,-0.39
1EY0,A,K,84,Q,7,20,-0.15
1EY0,A,Y,85,A,7,20,-0.41
1EY0,A,Y,85,F,7,20,-0.07
1EY0,A,Y,85,G,7,20,-1.05
1EY0,A,Y,85,L,7,20,-0.15
1EY0,A,G,86,A,7,20,-0.31
1EY0,A,G,86,F,7,20,-1.99
1EY0,A,G,86,V,7,20,-3.74
1EY0,A,R,87,A,7,20,-0.79
1EY0,A,R,87,G,7,20,-2.53
1EY0,A,G,88,A,7,20,0.19
1EY0,A,G,88,V,6.8,28.9,-0.24
1EY0,A,G,88,W,7,20,-0.1
1EY0,A,L,89,A,7,20,-2.6
1EY0,A,L,89,F,5.4,40,-1.2
1EY0,A,L,89,G,7,20,-3.18
1EY0,A,L,89,I,7,20,-1.04
1EY0,A,L,89,V,7,20,-1.42
1EY0,A,A,90,G,7,20,-1.92
1EY0,A,A,90,S,6.7,30.3,-2.24
1EY0,A,A,90,V,7,20,0.04
1EY0,A,Y,91,F,7,20,-2.27
1EY0,A,Y,91,L,7,20,-3.83
1EY0,A,I,92,A,7,20,-4.12
1EY0,A,I,92,L,7,20,-0.6
1EY0,A,I,92,M,7,20,-1.75
1EY0,A,I,92,V,7,20,-0.46
1EY0,A,Y,93,F,7,20,-1.81
1EY0,A,Y,93,L,7,20,-4.53
1EY0,A,A,94,G,7,20,-2.54
1EY0,A,A,94,V,7,20,-1.13
1EY0,A,D,95,A,7,20,-3.5
1EY0,A,D,95,G,7,20,-2.93
1EY0,A,G,96,A,7,20,-1.8
1EY0,A,G,96,F,7,20,-2.55
1EY0,A,G,96,V,7,20,-3.74
1EY0,A,K,97,A,7,20,-0.22
1EY0,A,K,97,E,7,20,-0.47
1EY0,A,K,97,F,7,20,-0.58
1EY0,A,K,97,G,7,20,-1.85
1EY0,A,K,97,Q,7,20,-0.3
1EY0,A,M,98,A,7,20,-4.43
1EY0,A,M,98,G,7,20,-4.44
1EY0,A,M,98,I,7,20,-4.39
1EY0,A,M,98,L,7,20,-2.3
1EY0,A,V,99,A,7,20,-3.35
1EY0,A,V,99,I,7,20,-0.14
1EY0,A,V,99,L,7,20,-0.15
1EY0,A,V,99,T,7,20,-3.36
1EY0,A,N,100,G,7,20,-4.98
1EY0,A,E,101,A,7,20,-1.36
1EY0,A,E,101,F,7,20,-2.74
1EY0,A,E,101,G,7,20,-2.47
1EY0,A,A,102,F,7,20,-1.71
1EY0,A,A,102,G,7,20,-1.37
1EY0,A,A,102,V,7,20,-1.84
1EY0,A,L,103,A,7,20,-4.6
1EY0,A,L,103,I,7,20,-1.11
1EY0,A,L,103,V,7,20,-2.05
1EY0,A,V,104,A,7,20,-2.82
1EY0,A,V,104,I,7,20,0.27
1EY0,A,V,104,L,7,20,-0.76
1EY0,A,V,104,S,7,20,-4.86
1EY0,A,V,104,T,7,20,-2.45
1EY0,A,R,105,A,7,20,-1.32
1EY0,A,R,105,C,7,20,-2.55
1EY0,A,R,105,F,7,20,-2.84
1EY0,A,R,105,G,7,20,-2.4
1EY0,A,Q,106,A,7,20,0.25
1EY0,A,Q,106,G,7,20,-1.5
1EY0,A,G,107,A,7,20,-4.41
1EY0,A,L,108,I,7,20,-3.34
1EY0,A,L,108,V,7,20,-3.81
1EY0,A,A,109,G,7,20,-0.98
1EY0,A,A,109,V,7,20,-2.82
1EY0,A,K,110,A,7,20,-1.13
1EY0,A,K,110,G,7,20,-2.59
1EY0,A,V,111,A,7,20,-4.26
1EY0,A,V,111,G,7,20,-4.82
1EY0,A,V,111,I,7,20,-0.74
1EY0,A,V,111,L,7,20,-0.88
1EY0,A,V,111,S,7,20,-4.71
1EY0,A,V,111,T,7,20,-2.36
1EY0,A,A,112,C,7,20,-0.75
1EY0,A,A,112,F,7,20,-1.35
1EY0,A,A,112,G,7,20,0.2
1EY0,A,A,112,V,7,20,-1.19
1EY0,A,Y,113,A,7,20,0.06
1EY0,A,Y,113,F,7,20,0.07
1EY0,A,Y,113,G,7,20,-0.2
1EY0,A,Y,113,L,7,20,0.2
1EY0,A,V,114,A,7,20,0.14
1EY0,A,V,114,G,7,20,-0.03
1EY0,A,V,114,I,7,20,-0.15
1EY0,A,V,114,L,7,20,-1.07
1EY0,A,V,114,S,7,20,-0.04
1EY0,A,V,114,T,7,20,-0.31
1EY0,A,Y,115,A,7,20,-0.25
1EY0,A,Y,115,F,7,20,-0.02
1EY0,A,Y,115,G,7,20,-0.56
1EY0,A,Y,115,L,7,20,-0.22
1EY0,A,K,116,A,7,20,0.69
1EY0,A,K,116,F,7,20,0.21
1EY0,A,K,116,G,7,20,1.05
1EY0,A,N,118,A,7,20,-1.88
1EY0,A,N,118,D,7,20,-2.34
1EY0,A,N,118,G,7,20,-1.61
1EY0,A,N,119,A,7,20,-1.03
1EY0,A,N,119,G,7,20,-0.97
1EY0,A,T,120,A,7,20,-1.08
1EY0,A,T,120,C,7,20,-1.59
1EY0,A,T,120,G,7,20,-1.87
1EY0,A,T,120,I,7,20,-1.54
1EY0,A,T,120,S,7,20,-0.57
1EY0,A,T,120,V,7,20,-1.63
1EY0,A,H,121,A,7,20,-2.92
1EY0,A,H,121,G,7,20,-4.09
1EY0,A,E,122,A,7,20,-0.27
1EY0,A,E,122,F,7,20,-0.44
1EY0,A,E,122,G,7,20,-1.99
1EY0,A,E,122,K,7,20,-2.53
1EY0,A,E,122,Q,7,20,-1.52
1EY0,A,Q,123,A,7,20,-0.1
1EY0,A,Q,123,F,7,20,-0.51
1EY0,A,Q,123,G,7,20,-0.44
1EY0,A,H,124,A,7,20,0.57
1EY0,A,H,124,E,7,20,0.46
1EY0,A,H,124,F,7,20,0.51
1EY0,A,H,124,G,7,20,-0.52
1EY0,A,H,124,L,5.9,46.9,1.31
1EY0,A,H,124,Q,7,20,0.69
1EY0,A,L,125,A,7,20,-4.78
1EY0,A,L,125,I,7,20,-0.96
1EY0,A,L,125,V,7,20,-2.3
1EY0,A,R,126,A,7,20,-1.64
1EY0,A,R,126,G,7,20,-2.86
1EY0,A,K,127,A,7,20,0.24
1EY0,A,K,127,E,7,20,0.13
1EY0,A,K,127,F,7,20,-0.22
1EY0,A,K,127,G,7,20,-0.79
1EY0,A,K,127,Q,7,20,0.06
1EY0,A,S,128,A,7,20,0.83
1EY0,A,S,128,F,7,20,-1
1EY0,A,S,128,G,7,20,-1.52
1EY0,A,E,129,A,7,20,-2.2
1EY0,A,E,129,F,7,20,-3.88
1EY0,A,E,129,G,7,20,-3.72
1EY0,A,A,130,G,7,20,-1
1EY0,A,A,130,V,7,20,-1.08
1EY0,A,Q,131,A,7,20,-0.1
1EY0,A,Q,131,F,7,20,-0.55
1EY0,A,Q,131,G,7,20,-2.26
1EY0,A,A,132,G,7,20,-3.6
1EY0,A,A,132,V,7,20,-4.73
1EY0,A,K,133,A,7,20,-1.32
1EY0,A,K,133,F,7,20,-1.26
1EY0,A,K,133,G,7,20,-3.22
1EY0,A,K,133,Q,7,20,-0.44
1EY0,A,K,134,A,7,20,0.12
1EY0,A,K,134,C,7,20,-0.7
1EY0,A,K,134,F,7,20,-0.26
1EY0,A,K,134,G,7,20,-0.79
1EY0,A,E,135,A,7,20,-0.73
1EY0,A,E,135,F,7,20,-1.1
1EY0,A,E,135,G,7,20,-1.64
1EY0,A,E,135,K,7,20,-1.17
1EY0,A,E,135,Q,7,20,-0.71
1EY0,A,K,136,A,7,20,-0.75
1EY0,A,K,136,F,7,20,-0.97
1EY0,A,K,136,G,7,20,-0.02
1EY0,A,L,137,A,7,20,-2.18
1EY0,A,L,137,G,7,20,-4.43
1EY0,A,L,137,I,7,20,-0.76
1EY0,A,L,137,V,7,20,-1.42
1EY0,A,N,138,A,7,20,-0.97
1EY0,A,N,138,G,7,20,0.59
1EY0,A,I,139,A,7,20,-3.29
1EY0,A,I,139,G,7,20,-4.22
1EY0,A,I,139,L,7,20,-0.09
1EY0,A,I,139,M,7,20,-0.39
1EY0,A,I,139,V,7,20,-1.37
1EY0,A,S,141,A,7,31.4,-0.27
1EY0,A,S,141,G,7,20,-0.82
1FKJ,A,V,2,A,7.5,25,-2.18
1FKJ,A,V,4,A,7.5,25,-2.26
1FKJ,A,I,7,V,7.5,25,-0.9
1FKJ,A,T,21,A,7.5,25,-1.24
1FKJ,A,T,21,S,7.5,25,-1.06
1FKJ,A,T,21,V,7.5,25,0.56
1FKJ,A,V,23,A,7.5,25,-2.62
1FKJ,A,V,24,A,7.5,25,-3.04
1FKJ,A,T,27,A,7.5,25,-1.71
1FKJ,A,T,27,S,7.5,25,-1.07
1FKJ,A,T,27,V,7.5,25,0.58
1FKJ,A,F,36,A,7.5,25,-3.07
1FKJ,A,L,50,A,7.5,25,-2.22
1FKJ,A,V,55,A,7.5,25,-1.78
1FKJ,A,I,56,A,7.5,25,-2.04
1FKJ,A,I,56,D,7.5,25,-2.88
1FKJ,A,I,56,T,7.5,25,-1.95
1FKJ,A,R,57,A,7.5,25,-0.55
1FKJ,A,R,57,G,7.5,25,-1.89
1FKJ,A,W,59,F,7.5,25,2.72
1FKJ,A,W,59,L,7.5,25,2.35
1FKJ,A,E,60,A,7.5,25,-1.71
1FKJ,A,E,60,G,7.5,25,-2.62
1FKJ,A,E,61,A,7.5,25,-0.73
1FKJ,A,E,61,G,7.5,25,-2.2
1FKJ,A,V,63,A,7.5,25,-2.56
1FKJ,A,T,75,A,7.5,25,-2.27
1FKJ,A,T,75,V,7.5,25,-0.7
1FKJ,A,I,76,A,7.5,25,-3.36
1FKJ,A,I,76,V,7.5,25,-0.33
1FKJ,A,I,91,A,7.5,25,-1.33
1FKJ,A,I,91,V,7.5,25,-0.1
1FKJ,A,L,97,A,7.5,25,-3.01
1FKJ,A,V,98,A,7.5,25,-1.99
1FKJ,A,V,101,A,7.5,25,-2.39
1FKJ,A,L,106,A,7.5,25,-2.08
1FNA,A,L,8,A,5,25,-1.81
1FNA,A,V,10,A,5,25,-1.17
1FNA,A,A,13,G,5,25,-1.18
1FNA,A,L,18,A,5,25,-0.99
1FNA,A,I,20,A,5,25,-0.65
1FNA,A,I,20,V,5,25,-0.18
1FNA,A,W,22,F,5,25,-1.97
1FNA,A,V,29,A,5,25,-1.37
1FNA,A,Y,32,A,5,25,-4.23
1FNA,A,Y,32,F,5,25,-0.54
1FNA,A,Y,32,L,5,25,-2.74
1FNA,A,I,34,A,5,25,-4.86
1FNA,A,I,34,V,5,25,-0.11
1FNA,A,Y,36,A,5,25,-1.49
1FNA,A,F,48,A,5,25,-1.98
1FNA,A,V,50,A,5,25,-2.85
1FNA,A,A,57,G,5,25,-2.49
1FNA,A,I,59,A,5,25,-3.33
1FNA,A,I,59,V,5,25,-0.72
1FNA,A,L,62,A,5,25,-2.88
1FNA,A,V,66,A,5,25,-0.91
1FNA,A,Y,68,A,5,25,-1.88
1FNA,A,Y,68,F,5,25,-2.14
1FNA,A,I,70,A,5,25,-4.11
1FNA,A,I,70,V,5,25,-1.28
1FNA,A,V,72,A,5,25,-3.17
1FNA,A,A,74,G,5,25,-1.56
1FNA,A,S,85,A,5,25,0.13
1FNA,A,I,88,A,5,25,-0.67
1FNA,A,I,88,V,5,25,-0.33
1FNA,A,I,90,A,5,25,-0.69
1FNA,A,I,90,V,5,25,-0.4
1FNA,A,Y,92,A,5,25,-1.11
1FNA,A,Y,92,F,5,25,0.13
1FTG,A,L,6,A,7,34.6,-3.11
1FTG,A,E,20,K,7,37.8,1.16
1FTG,A,I,22,A,7,44.2,-1.7
1FTG,A,I,22,V,7,25,-1.66
1FTG,A,V,31,A,7,34.6,-1.85
1FTG,A,E,40,K,7,37.8,1.61
1FTG,A,D,43,A,7,34.6,0.07
1FTG,A,I,51,V,7,34.6,-1.75
1FTG,A,I,52,V,7,34.6,-1.19
1FTG,A,E,61,K,7,34.6,0.51
1FTG,A,D,65,K,7,34.6,-0.1
1FTG,A,S,71,A,7,34.6,-0.44
1FTG,A,E,72,K,7,37.8,1.41
1FTG,A,D,75,K,7,37.8,1.03
1FTG,A,A,84,G,7,34.6,-1.9
1FTG,A,N,97,A,7,34.6,-0.58
1FTG,A,Q,99,A,7,34.6,1.59
1FTG,A,I,104,V,7,34.6,-0.57
1FTG,A,S,110,A,7,34.6,-0.73
1FTG,A,V,117,A,7,34.6,-2.02
1FTG,A,T,122,S,7,34.6,0.03
1FTG,A,D,126,K,7,37.8,0.81
1FTG,A,V,139,A,7,34.6,-1.09
1FTG,A,L,143,A,7,34.6,-0.17
1FTG,A,D,150,K,7,37.8,-0.21
1FTG,A,I,156,V,7,34.6,-3.16
1FTG,A,V,160,A,7,34.6,-2.07
1FVK,A,C,30,S,7.5,25,-1.79
1FVK,A,H,32,L,7,30,5.3
1FVK,A,H,32,S,7,30,5.2
1FVK,A,H,32,Y,7,30,6.8
1FVK,A,C,33,S,7.5,25,-1.15
1G4I,A,F,22,A,8,30,0.25
1G4I,A,F,22,I,8,30,1.43
1G4I,A,F,22,Y,8,30,0.83
1G4I,A,H,48,A,8,30,-1.93
1G4I,A,H,48,N,8,30,-2.44
1G4I,A,H,48,Q,8,30,-0.49
1G4I,A,F,106,A,8,25,-1.23
1G4I,A,F,106,I,8,30,0.95
1G4I,A,F,106,Y,8,30,0.07
1G6N,A,S,128,A,7.9,20,-0.26
1H7M,A,D,2,A,7.4,25,-0.53
1H7M,A,E,6,A,7.4,25,-0.77
1H7M,A,R,8,A,7.4,25,-0.77
1H7M,A,K,9,A,7.4,25,-0.29
1H7M,A,D,12,A,7.4,25,0.24
1H7M,A,K,15,A,7.4,25,-0.91
1H7M,A,R,21,A,7.4,25,0.07
1H7M,A,K,22,A,7.4,25,0.43
1H7M,A,K,28,A,7.4,25,-1.2
1H7M,A,K,33,A,7.4,25,0.12
1H7M,A,R,39,A,7.4,25,-0.07
1H7M,A,R,42,A,7.4,25,0.33
1H7M,A,D,44,A,7.4,25,0.05
1H7M,A,K,46,A,7.4,25,-1.1
1H7M,A,E,47,A,7.4,25,-0.05
1H7M,A,D,48,A,7.4,25,0.36
1H7M,A,E,50,A,7.4,25,0.57
1H7M,A,R,54,A,7.4,25,-0.26
1H7M,A,E,62,A,7.4,25,-1.29
1H7M,A,E,64,A,7.4,25,-0.26
1H7M,A,E,69,A,7.4,25,-0.74
1H7M,A,R,76,A,7.4,25,0.19
1H7M,A,H,78,A,7.4,25,-0.5
1H7M,A,D,87,A,7.4,25,-1.36
1H7M,A,E,90,A,7.4,25,-0.41
1H7M,A,R,92,A,7.4,25,-0.31
1HFZ,A,H,32,A,7.4,56.2,-2.13
1HFZ,A,H,32,Y,7.4,56.2,0.07
1HFZ,A,V,42,A,7.4,56.2,-0.93
1HFZ,A,V,42,G,7.4,56.2,-1.15
1HFZ,A,V,42,N,7.4,56.2,-0.24
1HFZ,A,Q,54,A,7.4,56.2,-0.41
1HFZ,A,I,59,W,7.4,56.2,-0.93
1HFZ,A,Y,103,A,7.4,56.2,-2.39
1HFZ,A,W,104,Y,7.4,56.2,-2.44
1HFZ,A,A,106,S,7.4,56.2,-1.05
1HFZ,A,H,107,A,7.4,56.2,-0.79
1HFZ,A,H,107,W,7.4,56.2,-1.72
1HFZ,A,H,107,Y,7.4,56.2,-0.19
1HFZ,A,L,110,E,7.4,56.2,-0.19
1HFZ,A,L,110,H,7.4,56.2,1.39
1HFZ,A,L,110,R,7.4,56.2,0.43
1HFZ,A,K,114,E,7.4,56.2,-0.65
1HFZ,A,K,114,N,7.4,56.2,2.66
1HFZ,A,K,114,Q,7.4,56.2,-0.6
1HFZ,A,Q,117,A,7.4,56.2,-0.96
1HFZ,A,W,118,H,7.4,56.2,-0.6
1HFZ,A,W,118,Y,7.4,56.2,-1.17
1HK0,X,M,43,A,7,37,-0.7
1HK0,X,Q,54,A,7,37,0.5
1HK0,X,F,56,A,7,37,-1.2
1HK0,X,R,79,A,7,37,-2.3
1HK0,X,I,81,A,7,37,-2.6
1HK0,X,V,132,A,7,37,-3.8
1HK0,X,Q,143,A,7,37,-0.4
1HK0,X,L,145,A,7,37,-2.6
1HK0,X,M,147,A,7,37,-1.1
1HK0,X,V,170,A,7,37,1.3
1HME,A,S,33,H,7,20,-1.85
1HME,A,I,34,H,7,20,-0.95
1HME,A,G,35,H,7,20,-0.33
1HMK,A,V,8,A,7,25,-0.83
1HMK,A,L,12,A,7,25,-2.73
1HMK,A,W,26,F,7.5,25,-2.11
1HMK,A,V,27,A,7,25,-1.24
1HMK,A,T,29,I,6.4,24.5,3.55
1HMK,A,T,29,V,7,25,2.26
1HMK,A,A,30,I,6.1,24,1.47
1HMK,A,A,30,T,6.1,24,0.48
1HMK,A,T,33,I,6.1,24,-0.64
1HMK,A,T,38,A,7,58.8,-1.3
1HMK,A,L,52,A,7,25,-3.22
1HMK,A,I,55,V,7,25,-2.72
1HMK,A,W,60,A,7,25,-2.01
1HMK,A,W,60,F,7.5,25,-0.68
1HMK,A,D,87,N,7,25,-1.14
1HMK,A,I,89,V,7,25,-0.86
1HMK,A,V,90,A,7,25,0.9
1HMK,A,K,93,A,7,25,-1.72
1HMK,A,I,95,V,7,25,-1.72
1HMK,A,L,96,A,7,25,-1.75
1HMK,A,Y,103,F,7,25,-2.13
1HMK,A,W,104,F,7.5,25,-1.96
1HMK,A,L,105,A,7,25,-0.28
1HMK,A,L,110,A,7,25,-0.35
1HMK,A,W,118,F,7,25,-0.31
1HMS,A,F,4,S,8,37,-3.67
1HMS,A,W,8,E,8,37,-3.82
1HMS,A,F,16,S,8,37,-3.98
1HMS,A,F,16,Y,8,25,-2.56
1HMS,A,K,21,I,8,37,0
1HMS,A,T,40,E,8,25,-2.4
1HMS,A,T,40,Q,8,25,-2.73
1HMS,A,T,40,V,8,25,-0.76
1HMS,A,F,57,S,8,25,-2.43
1HMS,A,F,64,S,8,37,-3.82
1HMS,A,L,66,G,8,37,-3.67
1HMS,A,G,67,S,8,37,-1.22
1HMS,A,E,72,S,8,37,-3.67
1HMS,A,R,106,T,8,25,-2.84
1HMS,A,R,126,K,8,25,-3.26
1HMS,A,R,126,Q,8,25,-0.31
1HMS,A,Y,128,F,8,25,-2.68
1HTI,A,S,105,D,8,25,-0.65
1HTI,A,Q,179,A,8,25,0.05
1HTI,A,Q,179,D,8,25,0.75
1HTI,A,K,193,A,8,25,0.5
1HUU,A,A,27,S,7,63.9,-1.19
1HUU,A,S,31,T,7,63.9,0.41
1HUU,A,V,42,I,7,63.9,-0.82
1HUU,A,A,56,S,7,63.9,-0.13
1HUU,A,M,69,I,7,63.9,0
1IET,A,D,60,R,7.2,25,0.14
1IFC,A,W,6,Y,7,25,-0.87
1IFC,A,I,23,C,8.1,20,0.51
1IFC,A,S,53,C,8.1,20,0.31
1IFC,A,V,60,C,8.1,20,-0.07
1IFC,A,V,60,N,7,25,-0.83
1IFC,A,L,64,A,7.4,20,-1.68
1IFC,A,L,64,G,7.4,20,-2.26
1IFC,A,G,65,A,7.4,20,-0.94
1IFC,A,F,68,A,7,25,-0.42
1IFC,A,L,72,C,8.1,20,0.02
1IFC,A,W,82,Y,7,25,-0.39
1IFC,A,L,89,C,8.1,20,-1.25
1IFC,A,F,93,A,7,25,-2.37
1IFC,A,A,104,C,8.1,20,1.32
1IGV,A,L,6,V,7,25,-1.72
1IGV,A,F,10,A,7,25,-4.12
1IGV,A,Y,13,F,7.1,25,-1.08
1IGV,A,E,17,Q,7.1,25,0.33
1IGV,A,D,19,N,7,25,0.83
1IGV,A,L,23,A,7,25,-3.24
1IGV,A,L,23,G,7,25,-3.95
1IGV,A,E,26,Q,7,25,-0.03
1IGV,A,L,28,A,7,25,-2.2
1IGV,A,V,61,A,7,25,-2.93
1IGV,A,V,61,G,7,25,-3.6
1IGV,A,F,66,A,7,25,-4.2
1IGV,A,F,66,W,7,25,-0.93
1IGV,A,V,70,L,7,25,-0.13
1IGV,A,I,73,V,7,25,-1.34
1IHB,A,F,37,H,7.5,25,-0.66
1IHB,A,R,55,V,7.5,25,-0.15
1IHB,A,F,71,N,7.5,25,0.46
1IHB,A,F,82,Q,7.5,25,-0.37
1IHB,A,F,92,N,7.5,25,-0.71
1IMQ,A,V,19,L,6,10,-1.82
1IMQ,A,A,25,G,6,10,-0.14
1IMQ,A,E,31,L,6,10,-0.67
1IMQ,A,V,34,L,6,10,0.33
1IMQ,A,V,37,L,6,10,-0.26
1IMQ,A,E,41,V,6,10,0.89
1IMQ,A,V,68,I,6,10,-0.81
1IMQ,A,V,71,I,6,10,0.07
1IO2,A,D,7,N,9,50,0.46
1IO2,A,E,8,A,9,50,1.77
1IO2,A,E,8,Q,9,50,-1.25
1IO2,A,D,105,A,9,50,1.72
1IO2,A,D,135,A,9,50,1.82
1IRO,A,V,24,I,9.1,107,0.36
1IRO,A,I,33,L,9.1,107,0.76
1JIW,I,D,10,A,7.1,25,-0.7
1JIW,I,W,15,F,7.1,25,-2.3
1K9Q,A,A,20,R,7,56.7,0.89
1K9Q,A,L,30,Y,7,56.7,0.27
1K9Q,A,D,34,T,7,56.7,0.37
1KCQ,A,D,187,N,7.2,25,-1.05
1KCQ,A,D,187,Y,7.2,15,-2.03
1KDX,A,Y,640,F,6,25,0
1KE4,A,Y,150,F,6.8,38.9,-2.05
1KFW,A,N,197,K,7.5,16,0.81
1KFW,A,G,405,Q,7.5,16,0.62
1LBI,A,K,84,L,7.4,25,-0.2
1LNI,A,V,2,T,7,48.4,-0.9
1LNI,A,T,5,V,7,48.4,0
1LNI,A,T,16,V,7,48.4,0.3
1LNI,A,D,17,K,7,25,-1.1
1LNI,A,T,18,V,7,48.4,-1.4
1LNI,A,D,25,K,7,36.1,0.9
1LNI,A,Y,30,F,7,25,0.4
1LNI,A,V,36,T,7,48.4,-1.3
1LNI,A,Q,38,A,6.3,51.9,0.74
1LNI,A,N,39,A,7,48.4,-2.2
1LNI,A,N,39,D,7,48.4,-1.5
1LNI,A,N,39,S,7,48.4,-2.3
1LNI,A,E,41,K,6.6,42.2,-1.11
1LNI,A,V,43,T,7,48.4,-0.5
1LNI,A,Y,49,F,7,25,-0.2
1LNI,A,Y,51,F,7,25,-2.3
1LNI,A,Y,52,F,7,25,-3.6
1LNI,A,E,54,Q,6.3,51.9,-1.96
1LNI,A,Y,55,F,7,25,-0.6
1LNI,A,T,56,V,7,48.4,-1.9
1LNI,A,V,57,T,7,48.4,-4.4
1LNI,A,T,59,V,7,48.4,-1.7
1LNI,A,R,65,A,6.3,51.9,-1.13
1LNI,A,T,67,V,7,48.4,0
1LNI,A,T,72,V,7,48.4,-0.2
1LNI,A,E,74,K,6.7,43.5,0.84
1LNI,A,D,79,A,6.8,49.1,2.48
1LNI,A,D,79,E,7,52.6,-0.4
1LNI,A,D,79,F,6.8,49.1,2.73
1LNI,A,D,79,H,7,52.6,1.7
1LNI,A,D,79,I,7,52.6,2.85
1LNI,A,D,79,K,7,52.6,2.35
1LNI,A,D,79,L,7,52.6,2.65
1LNI,A,D,79,N,6.8,49.1,1.46
1LNI,A,D,79,R,7,52.6,2.7
1LNI,A,D,79,W,7,52.6,2.25
1LNI,A,D,79,Y,7,52.6,2.9
1LNI,A,Y,80,F,7,25,-1.5
1LNI,A,Y,81,F,7,25,-1.2
1LNI,A,T,82,V,7,48.4,-1.7
1LNI,A,H,85,Q,6.3,51.9,0
1LNI,A,Y,86,F,7,25,-0.3
1LNI,A,Q,94,K,6.8,47.5,0.56
1LUC,A,A,81,H,7,25,-2.7
1LUC,B,H,81,A,7,25,-2.1
1LUC,B,H,82,A,7,25,-2.7
1LVE,A,M,4,L,7.5,25,1.04
1LVE,A,L,30,N,7.5,25,-0.57
1LVE,A,L,30,Q,7.5,25,0.63
1LVE,A,V,29,L,7.5,25,1.67
1LVE,A,Y,31,D,7.5,25,2.19
1LVE,A,N,34,F,7.5,25,-2.41
1LVE,A,S,35,N,7.5,25,0.39
1LVE,A,K,36,R,7.5,25,-0.55
1LVE,A,K,36,T,7.5,25,-1.33
1LVE,A,Q,44,N,7.5,25,-1.6
1LVE,A,K,45,T,7.5,25,-2.29
1LVE,A,Q,95,H,7.5,25,-0.9
1LVE,A,Q,95,N,7.5,25,-1.26
1LVE,A,T,100,H,7.5,25,0.73
1LVE,A,Y,102,Q,7.5,25,-2.09
1LVE,A,S,103,T,7.5,25,0.13
1LVE,A,I,112,L,7.5,25,-0.51
1LZ1,A,K,1,A,2.7,64.9,-0.6
1LZ1,A,K,1,M,2.7,64.9,-0.12
1LZ1,A,V,2,A,2.7,64.9,-1.51
1LZ1,A,V,2,D,2.7,64.9,-1.44
1LZ1,A,V,2,F,2.7,64.9,-0.86
1LZ1,A,V,2,G,2.7,64.9,-2.3
1LZ1,A,V,2,I,2.7,64.9,1.1
1LZ1,A,V,2,L,2.7,64.9,-0.05
1LZ1,A,V,2,M,2.7,64.9,-0.31
1LZ1,A,V,2,N,2.7,64.9,-1.34
1LZ1,A,V,2,R,2.7,64.9,-0.38
1LZ1,A,V,2,S,2.7,64.9,-1.41
1LZ1,A,V,2,Y,2.7,64.9,-0.36
1LZ1,A,E,7,Q,3.5,65,-0.94
1LZ1,A,L,8,T,2.7,64.9,-3.73
1LZ1,A,A,9,S,2.7,64.9,-0.02
1LZ1,A,G,16,A,2.7,64.9,-1.39
1LZ1,A,D,18,N,3.4,65,-1.28
1LZ1,A,G,19,A,2.7,64.9,-1.77
1LZ1,A,Y,20,F,2.7,64.9,-0.5
1LZ1,A,R,21,A,2.7,64.9,1.32
1LZ1,A,R,21,G,2.7,64.9,1.15
1LZ1,A,G,22,A,2.7,64.9,-1.79
1LZ1,A,I,23,A,2.7,64.9,-2.54
1LZ1,A,I,23,V,2.7,64.9,-0.36
1LZ1,A,A,32,L,2.7,64.9,-0.1
1LZ1,A,A,32,S,2.7,64.9,-0.33
1LZ1,A,E,35,L,2.7,64.9,-0.53
1LZ1,A,G,37,A,2.7,64.9,-0.29
1LZ1,A,G,37,Q,3,52.3,-0.4
1LZ1,A,Y,38,A,2.7,64.9,-2.49
1LZ1,A,Y,38,F,2.7,64.9,-0.19
1LZ1,A,Y,38,G,2.7,64.9,-2.32
1LZ1,A,Y,45,F,2.7,64.9,0.07
1LZ1,A,G,48,A,2.7,64.9,0.45
1LZ1,A,D,49,N,3.4,65,-0.65
1LZ1,A,R,50,A,2.7,64.9,0.43
1LZ1,A,R,50,G,3,52.3,0.32
1LZ1,A,Y,54,F,2.7,64.9,-0.96
1LZ1,A,I,56,A,2.7,64.9,-3.71
1LZ1,A,I,56,F,2.7,64.9,-4.09
1LZ1,A,I,56,L,2.7,64.9,-0.1
1LZ1,A,I,56,M,2.7,64.9,-1.77
1LZ1,A,I,56,T,3,52.3,-4.31
1LZ1,A,I,56,V,2.7,64.9,-1.2
1LZ1,A,Q,58,A,2.7,64.9,0.91
1LZ1,A,Q,58,G,3,52.3,1.91
1LZ1,A,I,59,A,2.7,64.9,-1.72
1LZ1,A,I,59,F,2.7,64.9,-0.81
1LZ1,A,I,59,G,2.7,64.9,-3.83
1LZ1,A,I,59,L,2.7,64.9,0
1LZ1,A,I,59,M,2.7,64.9,-1.29
1LZ1,A,I,59,S,2.7,64.9,-3.59
1LZ1,A,I,59,T,2.7,64.9,-2.22
1LZ1,A,I,59,V,2.7,64.9,-1.1
1LZ1,A,I,59,Y,2.7,64.9,-3.78
1LZ1,A,Y,63,F,2.7,64.9,-0.24
1LZ1,A,D,67,H,4,10,-3.73
1LZ1,A,D,67,N,3.5,65,-1.39
1LZ1,A,G,68,A,2.7,64.9,-0.12
1LZ1,A,G,72,A,2.7,64.9,-0.36
1LZ1,A,V,74,A,2.7,64.9,-0.36
1LZ1,A,V,74,D,2.7,64.9,-0.43
1LZ1,A,V,74,F,2.7,64.9,-0.29
1LZ1,A,V,74,G,2.7,64.9,-0.22
1LZ1,A,V,74,I,2.7,64.9,0.45
1LZ1,A,V,74,L,2.7,64.9,0.19
1LZ1,A,V,74,M,2.7,64.9,0.65
1LZ1,A,V,74,N,2.7,64.9,-0.33
1LZ1,A,V,74,R,2.7,64.9,-0.07
1LZ1,A,V,74,S,2.7,64.9,-0.38
1LZ1,A,V,74,Y,2.7,64.9,-0.24
1LZ1,A,C,77,A,3,57,-4.6
1LZ1,A,H,78,A,2.7,64.9,-0.14
1LZ1,A,H,78,G,3,52.3,-0.21
1LZ1,A,I,89,A,2.7,64.9,-2.7
1LZ1,A,I,89,V,2.7,64.9,-0.48
1LZ1,A,A,92,S,2.7,64.9,0.81
1LZ1,A,V,93,A,2.7,64.9,-0.74
1LZ1,A,V,93,T,2.7,64.9,-0.67
1LZ1,A,A,96,M,2.7,64.9,0.02
1LZ1,A,A,96,S,2.7,64.9,-1
1LZ1,A,V,99,A,2.7,64.9,-0.98
1LZ1,A,V,99,T,2.7,64.9,-0.5
1LZ1,A,V,100,A,2.7,64.9,-0.26
1LZ1,A,V,100,F,2.7,64.9,-1.65
1LZ1,A,V,100,T,2.7,64.9,-0.29
1LZ1,A,D,102,N,3.5,65,-0.15
1LZ1,A,G,105,A,2.7,64.9,-0.62
1LZ1,A,I,106,A,2.7,64.9,-0.93
1LZ1,A,I,106,V,2.7,64.9,-0.72
1LZ1,A,V,110,A,2.7,64.9,0.53
1LZ1,A,V,110,D,2.7,64.9,0.17
1LZ1,A,V,110,F,2.7,64.9,-0.05
1LZ1,A,V,110,G,2.7,64.9,0.48
1LZ1,A,V,110,I,2.7,64.9,0.86
1LZ1,A,V,110,L,2.7,64.9,0.07
1LZ1,A,V,110,M,2.7,64.9,0.53
1LZ1,A,V,110,N,2.7,64.9,0.07
1LZ1,A,V,110,R,2.7,64.9,0.89
1LZ1,A,V,110,Y,2.7,64.9,-0.14
1LZ1,A,N,118,A,2.7,64.9,0.19
1LZ1,A,N,118,G,2.7,64.9,0.05
1LZ1,A,D,120,N,3.5,65,-0.17
1LZ1,A,V,121,A,2.7,64.9,-1.44
1LZ1,A,Y,124,F,2.7,64.9,-0.36
1LZ1,A,V,125,A,2.7,64.9,-1.32
1LZ1,A,G,127,A,2.7,64.9,-0.55
1LZ1,A,G,129,A,2.7,64.9,0.14
1LZ1,A,V,130,A,2.7,64.9,-0.84
1MBG,A,V,103,A,7.5,25,-2.32
1MBG,A,V,103,I,7.5,25,0.69
1MBG,A,V,103,L,7.4,21.4,2.08
1MGR,A,Y,11,F,7,25,-0.6
1MGR,A,Y,33,F,7,25,0.5
1MGR,A,Y,54,F,7,25,-2.6
1MGR,A,Y,55,F,7,25,-2.1
1MGR,A,Y,58,F,7,25,-0.7
1MGR,A,Y,83,F,7,25,-1.5
1MGR,A,Y,84,F,7,25,-1
1MGR,A,Y,89,F,7,25,0
1MJC,A,F,18,L,7,25,-1
1MJC,A,F,18,S,7,25,-1.54
1MJC,A,F,20,L,7,25,-0.31
1MJC,A,F,20,S,7,25,-1.16
1MJC,A,F,31,L,7,25,-0.66
1MJC,A,F,31,S,7,25,-1.03
1MJC,A,Y,42,W,7,25,0.15
1MJC,A,S,52,W,7,25,-0.2
1MJC,A,T,68,W,7,25,0.7
1MSI,A,R,23,A,7,25,-0.89
1MSI,A,E,25,A,7,25,-0.09
1MSI,A,D,36,A,7,25,0.3
1MSI,A,R,39,A,7,25,-0.8
1MSI,A,R,47,A,7,25,-0.74
1MSI,A,D,58,N,7,25,-0.2
1N0J,A,Y,34,F,7.8,88.9,4.75
1N0J,A,I,58,T,7.8,88.9,-2.95
1N0J,A,Q,143,N,7.8,88.9,1.04
1OH0,A,Y,16,F,7,25,-1.79
1OH0,A,Y,32,F,7,25,0.2
1OH0,A,Y,57,F,7,25,-1.22
1OH0,A,Y,57,S,7,25,-4.53
1OH0,A,V,101,L,7,25,-1.72
1OIA,A,Y,13,F,7,22,-0.7
1OIA,A,Y,13,T,7,22,-1.3
1OIA,A,Y,31,F,7,22,0
1OIA,A,Y,31,S,7,22,-2.3
1OIA,A,Y,78,F,7,22,0
1OIA,A,Y,86,F,7,22,-2.6
1OIA,A,Y,86,T,7,22,-2.9
1ONC,A,M,23,L,7,0.4,-2.76
1ONC,A,F,28,A,5.5,20,-5
1ONC,A,F,36,Y,5.5,20,-4.67
1OTR,B,K,11,A,5,25,-0.14
1OTR,B,I,30,F,3,50,-3.32
1OTR,B,I,30,L,3,50,-1.96
1OTR,B,I,30,V,3,50,-1.58
1OTR,B,E,34,D,5,25,-1
1OTR,B,E,34,L,5,25,0.96
1OTR,B,E,34,S,5,25,-0.6
1OTR,B,I,36,F,3,50,-0.86
1OTR,B,I,36,L,3,50,-1.32
1OTR,B,I,36,V,3,50,-0.79
1P2P,A,H,48,K,7,20,-2.12
1P2P,A,H,48,N,7,20,-1.69
1P2P,A,H,48,Q,7,20,-0.64
1PDO,A,W,12,F,7.4,22,1.79
1PDO,A,W,33,F,7.4,22,-1.08
1PDO,A,W,69,F,7.4,22,-2.15
1PGA,A,I,6,L,5.4,25,-1.39
1PGA,A,I,6,N,5.2,44,-1.73
1PGA,A,I,6,T,5.2,44,-1.79
1PGA,A,D,22,G,5.5,25,-1.52
1PGA,A,T,53,A,5.2,20,-0.51
1PGA,A,T,53,D,5.2,20,-1.15
1PGA,A,T,53,E,5.2,20,-0.4
1PGA,A,T,53,F,5.2,37.1,0.55
1PGA,A,T,53,I,5.2,37.1,-0.1
1PGA,A,T,53,R,5.2,20,-0.28
1PGA,A,T,53,V,5.2,44,-0.58
1PGA,A,T,53,Y,5.2,44,0.52
1POH,A,S,31,A,7,30,-0.4
1POH,A,S,46,A,7,30,-1.01
1POH,A,S,46,D,7,30,1.44
1POH,A,S,46,N,7,30,0.39
1POH,A,K,49,A,7,25,1.39
1POH,A,K,49,D,7,25,1.41
1POH,A,K,49,E,7,36.2,1.85
1POH,A,K,49,G,7,25,1.05
1POH,A,K,49,M,7,25,0.94
1POH,A,K,49,N,7,25,0.35
1POH,A,K,49,Q,7,25,1.39
1POH,A,K,49,R,7,25,-0.15
1POH,A,K,49,S,7,25,0.95
1QGV,A,G,126,D,7.8,20,-0.93
1QLP,A,A,31,I,6.5,25,0.9
1QLP,A,A,31,L,6.5,25,0.9
1QLP,A,A,31,V,6.5,25,0.6
1QLP,A,F,51,C,6.5,23,3.01
1QLP,A,F,51,L,6.5,25,2.1
1QLP,A,V,55,I,6.5,25,-0.2
1QLP,A,V,55,L,6.5,25,-0.3
1QLP,A,T,59,A,6.5,25,1
1QLP,A,T,68,A,6.5,25,1
1QLP,A,A,70,G,6.5,25,1.6
1QLP,A,V,145,I,6.5,25,0.2
1QLP,A,V,145,L,6.5,25,-0.7
1QLP,A,Y,160,A,7.8,25,-0.21
1QLP,A,Y,160,W,7.8,25,1.18
1QLP,A,V,173,I,6.5,25,0.5
1QLP,A,V,173,L,6.5,25,-0.6
1QLP,A,A,183,F,6.5,25,1.5
1QLP,A,A,183,I,6.5,25,1.8
1QLP,A,A,183,L,6.5,25,1.4
1QLP,A,A,183,V,6.5,25,3.8
1QLP,A,W,194,F,7.8,25,-0.47
1QLP,A,W,238,F,7.8,25,0.98
1QLP,A,A,248,F,6.5,25,1.8
1QLP,A,A,248,I,6.5,25,2.2
1QLP,A,A,248,L,6.5,25,0.35
1QLP,A,A,248,V,6.5,25,2.3
1QLP,A,A,250,I,6.5,25,-0.4
1QLP,A,A,250,L,6.5,25,-1
1QLP,A,A,250,V,6.5,25,-0.4
1QLP,A,A,284,I,6.5,25,0
1QLP,A,A,284,V,6.5,25,0.8
1QLP,A,V,321,I,6.5,25,0.6
1QLP,A,V,321,L,6.5,25,-1.2
1QLP,A,S,330,R,7.8,25,-2.44
1QLP,A,K,331,F,7.8,25,1.75
1QLP,A,K,331,I,7.8,25,0.84
1QLP,A,K,331,T,7.8,25,-0.54
1QLP,A,K,331,V,7.8,25,0.89
1QLP,A,V,364,I,6.5,25,0.4
1QLP,A,V,364,L,6.5,25,-0.3
1QLP,A,M,374,I,6.5,25,2.3
1QLP,A,S,381,A,6.5,25,1
1QLP,A,K,387,R,6.5,25,1
1QM4,A,R,265,H,8,25,-3.11
1QND,A,C,71,S,6.8,20,-1.38
1RG8,A,C,16,S,6.6,25,-2.81
1RG8,A,H,21,Y,7.3,34.5,0.79
1RG8,A,L,44,F,7.3,34.5,0.59
1RG8,A,G,62,A,6.6,24.9,-1.48
1RG8,A,G,62,N,6.6,24.9,-0.97
1RG8,A,L,73,V,6.6,40,-1.46
1RG8,A,C,83,S,6.6,29.6,-1.78
1RG8,A,H,93,A,6.6,24.9,-0.6
1RG8,A,H,93,G,6.6,28.6,1.34
1RG8,A,H,93,N,6.6,24.9,0.19
1RG8,A,H,102,Y,7.3,34.5,0.39
1RG8,A,A,103,G,6.6,24.9,-0.46
1RG8,A,N,106,G,6.6,24.9,0.16
1RG8,A,F,108,Y,7.3,34.5,0.49
1RG8,A,V,109,I,7.3,34.5,-0.05
1RG8,A,V,109,L,6.6,40,-0.57
1RG8,A,C,117,S,6.6,29.6,-0.64
1RHG,A,G,26,A,7,25,1.93
1RHG,A,G,28,A,7,25,2.35
1RHG,A,E,33,A,5.9,25,0.31
1RHG,A,E,46,A,5.9,25,-0.32
1RHG,A,L,50,E,5.9,25,-0.19
1RHG,A,G,73,A,7,25,0.89
1RHG,A,G,81,A,7,25,-0.76
1RHG,A,G,87,A,7,25,-0.97
1RHG,A,G,149,A,7,25,1.38
1RHG,A,G,150,A,7,25,1.94
1RIS,A,V,6,A,8,25,-2.93
1RIS,A,I,8,A,8,25,-3.56
1RIS,A,L,21,A,8,25,-0.16
1RIS,A,E,22,Q,8,25,-1.12
1RIS,A,I,26,A,8,25,-2.84
1RIS,A,Y,33,A,8,25,0.41
1RIS,A,A,35,G,8,25,-0.77
1RIS,A,V,37,A,8,25,-2.55
1RIS,A,L,48,A,8,25,-0.21
1RIS,A,I,52,A,8,25,-0.36
1RIS,A,F,60,A,8,25,-0.81
1RIS,A,V,65,A,8,25,-2.89
1RIS,A,L,75,A,8,25,-1.35
1RIS,A,L,79,A,8,25,-3.91
1RIS,A,V,85,A,8,25,-3.02
1RIS,A,V,88,A,8,25,-1.68
1RN1,C,V,16,A,7,25,-2.34
1RN1,C,V,16,C,7,25,-4.99
1RN1,C,V,16,S,7,25,-4.68
1RN1,C,V,16,T,7,25,-3.65
1RN1,C,A,21,G,7.4,25,-1.1
1RN1,C,G,23,A,7.4,25,-1.2
1RN1,C,Y,24,W,6,25,1.24
1RN1,C,Q,25,K,7,36.8,0.88
1RN1,C,H,40,T,6,25,-0.26
1RN1,C,Y,42,W,6,25,-0.14
1RN1,C,N,44,A,7,37.9,-1.88
1RN1,C,N,44,D,6.3,35.8,-1.58
1RN1,C,N,44,S,7,37.9,-1.77
1RN1,C,Y,45,W,6,25,0.74
1RN1,C,D,49,A,6.3,37.3,0.5
1RN1,C,D,49,F,7,52.7,0.1
1RN1,C,D,49,H,6.5,40.7,1.1
1RN1,C,D,49,Y,7,52.4,0
1RN1,C,E,58,A,7,31.5,-0.42
1RN1,C,W,59,Y,6,25,-0.93
1RN1,C,D,76,A,7,15,-3.76
1RN1,C,D,76,N,7,17.2,-3.39
1RN1,C,D,76,S,7,15,-3.17
1RN1,C,V,78,A,7,25,-4.08
1RN1,C,V,78,C,7,25,-3.67
1RN1,C,V,78,S,7,25,-4.73
1RN1,C,V,78,T,7,25,-3.59
1RN1,C,V,89,C,7,25,-3.54
1RN1,C,V,89,S,7,25,-4.87
1RN1,C,V,89,T,7,25,-3.07
1RN1,C,H,92,A,6,25,-0.62
1ROP,A,D,30,A,7,69,0.3
1ROP,A,D,30,C,7,69,0.8
1ROP,A,D,30,E,7,69,1
1ROP,A,D,30,F,7,69,-0.1
1ROP,A,D,30,G,7,69,2
1ROP,A,D,30,H,7,69,0.9
1ROP,A,D,30,I,7,69,-0.8
1ROP,A,D,30,K,7,69,0.9
1ROP,A,D,30,L,7,69,-0.1
1ROP,A,D,30,M,7,69,0.6
1ROP,A,D,30,N,7,69,0.8
1ROP,A,D,30,Q,7,69,1.8
1ROP,A,D,30,R,7,69,0.8
1ROP,A,D,30,S,7,69,1
1ROP,A,D,30,T,7,69,-0.4
1ROP,A,D,30,V,7,69,-0.4
1ROP,A,D,30,W,7,69,-0.4
1ROP,A,D,30,Y,7,69,0.2
1ROP,A,L,41,A,6,25,-3.06
1ROP,A,L,41,V,6,25,-1.26
1RTB,A,A,4,S,7.1,62,-0.45
1RTB,A,A,5,S,7.1,62,-0.27
1RTB,A,F,46,L,6,24.9,-3.21
1RTB,A,F,46,V,6,24.9,-4.55
1RTB,A,V,47,A,5,40,-3.8
1RTB,A,V,54,A,5,40,-2.58
1RTB,A,V,54,G,5,40,-4.87
1RTB,A,V,54,I,5,40,-1.95
1RTB,A,V,54,L,5,40,-1.09
1RTB,A,V,57,A,5,40,-2.85
1RTB,A,V,57,I,5,40,-1.3
1RTB,A,V,57,L,5,40,-2.37
1RTB,A,V,63,A,5,40,-2.03
1RTB,A,V,63,G,5,40,-3.5
1RTB,A,A,64,G,5,40,-0.44
1RTB,A,I,81,A,5,40,-2.99
1RTB,A,I,81,G,5,40,-4.81
1RTB,A,I,81,V,5,40,-0.43
1RTB,A,Y,97,F,5,63.3,-3.54
1RTB,A,I,106,A,5,40,-4.38
1RTB,A,I,106,L,5,40,-1.79
1RTB,A,I,106,V,5,40,-0.8
1RTB,A,I,107,A,5,40,-2.85
1RTB,A,I,107,L,5,40,-2.2
1RTB,A,I,107,V,5,40,-0.08
1RTB,A,V,108,A,5,40,-4.2
1RTB,A,V,108,I,5,40,-0.44
1RTB,A,V,108,L,5,40,-0.7
1RTB,A,A,109,G,5,40,-0.43
1RTB,A,V,116,A,5,40,-0.67
1RTB,A,V,116,G,5,40,-1.18
1RTB,A,V,118,A,5,40,-1.92
1RTB,A,V,118,G,5,40,-2.78
1RTB,A,H,119,A,5.2,25,0.35
1RTB,A,D,121,A,5.2,25,-1.95
1RTB,A,D,121,N,5.2,25,-1.71
1RTB,A,S,123,A,7.1,62,0.69
1RTP,1,K,80,S,7.4,45.8,-0.29
1SAK,A,E,326,A,7,25,-0.4
1SAK,A,F,328,A,7,25,-2.36
1SAK,A,F,328,L,7,25,-1.43
1SAK,A,T,329,A,7,25,-1.02
1SAK,A,L,330,F,7,25,-1.8
1SAK,A,Q,331,A,7,25,-0.46
1SAK,A,I,332,V,7,25,-0.99
1SAK,A,R,333,A,7,25,-1.05
1SAK,A,R,335,A,7,25,-0.75
1SAK,A,E,336,A,7,25,0.4
1SAK,A,R,337,A,7,25,-2.41
1SAK,A,F,338,A,7,25,-2.03
1SAK,A,E,339,A,7,25,-0.66
1SAK,A,M,340,A,7,25,-1.9
1SAK,A,M,340,I,7,25,-0.38
1SAK,A,F,341,I,7,25,-2.01
1SAK,A,F,341,L,7,25,-0.91
1SAK,A,R,342,A,7,25,-0.38
1SAK,A,E,343,A,7,25,-0.25
1SAK,A,L,344,F,7,25,-1.62
1SAK,A,L,344,I,7,25,-0.41
1SAK,A,N,345,A,7,25,-0.98
1SAK,A,E,346,A,7,25,-0.27
1SAK,A,A,347,G,7,25,-0.97
1SAK,A,E,349,A,7,25,-1.18
1SAK,A,L,350,A,7,25,-0.5
1SAK,A,K,351,A,7,25,0.57
1SAK,A,D,352,A,7,25,-0.62
1SHF,A,E,107,A,8,25,-1.27
1SHF,A,E,107,D,8,25,0.68
1SHF,A,E,107,F,8,25,-1.63
1SHF,A,E,107,G,8,25,-2.29
1SHF,A,E,107,H,8,25,-0.99
1SHF,A,E,107,I,8,25,-2.71
1SHF,A,E,107,K,8,25,-0.97
1SHF,A,E,107,L,8,25,-3.02
1SHF,A,E,107,Q,8,25,-0.74
1SHF,A,E,107,R,8,25,-3.38
1SHF,A,E,107,S,8,25,-1.64
1SHF,A,E,107,T,8,25,-0.6
1SHF,A,E,107,V,8,25,-2
1SHF,A,E,107,Y,8,25,-2.4
1SHF,A,I,111,A,7,25,-2.84
1SHF,A,I,111,L,7,25,-0.71
1SHF,A,I,111,V,7,25,-0.63
1SHF,A,S,124,A,8,25,-0.71
1SHF,A,S,124,D,8,25,-2.02
1SHF,A,S,124,F,8,25,-1.9
1SHF,A,S,124,G,8,25,-1.68
1SHF,A,S,124,H,8,25,-1.25
1SHF,A,S,124,I,8,25,-1.41
1SHF,A,S,124,K,8,25,0.11
1SHF,A,S,124,L,8,25,-0.37
1SHF,A,S,124,N,8,25,-0.73
1SHF,A,S,124,R,8,25,-0.18
1SHF,A,S,124,T,8,25,-1.65
1SHF,A,S,124,V,8,25,-1.1
1SHF,A,S,124,Y,8,25,-2.27
1SHF,A,T,127,A,8,25,-2.59
1SHF,A,G,128,A,8,25,-1.78
1SHF,A,V,138,A,7,25,-2.34
1SHF,A,V,138,G,7,25,-3.65
1SHF,A,V,138,M,7,25,-0.52
1SHF,A,V,138,T,7,25,-2.4
1SHG,A,D,48,G,2.9,24.9,0.82
1SHG,A,F,52,Y,7,24.9,0.44
1SHG,A,K,59,F,7,24.9,-0.92
1SHG,A,K,59,Y,7,24.9,-0.84
1SSO,A,I,29,V,7,50,-0.4
1SUP,A,M,50,F,8,58.8,0.48
1SUP,A,N,76,D,8,58.8,0.45
1SUP,A,G,169,A,8,58.8,0.3
1SUP,A,Q,206,C,8,58.8,1.25
1SUP,A,Y,217,K,8,58.8,0.72
1SUP,A,N,218,S,8,58.8,1.07
1TEN,A,I,809,A,5,25,-2.74
1TEN,A,I,809,V,5,25,0.02
1TEN,A,V,811,A,5,25,-1.4
1TEN,A,A,819,G,5,25,-2.67
1TEN,A,I,821,A,5,25,-3.58
1TEN,A,I,821,V,5,25,-0.28
1TEN,A,I,830,A,5,25,-1.63
1TEN,A,I,830,V,5,25,-0.37
1TEN,A,I,833,A,5,25,-3.3
1TEN,A,I,833,V,5,25,-0.8
1TEN,A,L,835,A,5,25,-4.13
1TEN,A,Y,837,A,5,25,-3.96
1TEN,A,I,849,A,5,25,-2.4
1TEN,A,L,851,A,5,25,-2.88
1TEN,A,Y,858,A,5,25,-1.21
1TEN,A,Y,858,G,5,25,-4.06
1TEN,A,I,860,A,5,25,-1.91
1TEN,A,I,860,V,5,25,-0.88
1TEN,A,L,863,A,5,25,-3.96
1TEN,A,T,867,S,5,25,-1.26
1TEN,A,Y,869,F,5,25,-3.09
1TEN,A,V,871,A,5,25,-2.69
1TEN,A,L,873,A,5,25,-2.81
1TEN,A,S,875,A,5,25,-0.27
1TEN,A,S,882,A,5,25,-2.58
1TEN,A,A,885,G,5,25,-0.92
1TEN,A,E,887,A,5,25,1.55
1TEN,A,E,887,G,5,25,-0.14
1TIT,A,V,13,A,7.4,25,-2.15
1TIT,A,I,23,A,7.4,25,-2.7
1TIT,A,L,41,A,7.4,25,-2.7
1TIT,A,L,58,A,7.4,25,-3.23
1TIT,A,L,60,A,7.4,25,-4.88
1TIT,A,C,63,S,7.3,25,-2.08
1TIT,A,F,73,L,7.4,25,-3.83
1TIT,A,V,86,A,7.4,25,-4.45
1TPK,A,V,65,A,4.5,64.3,-2
1TPK,A,V,65,I,4.5,64.3,0.3
1TPK,A,V,65,L,4.5,64.3,-1.9
1TPK,A,V,65,M,4.5,64.3,-2.2
1TPK,A,V,65,S,4.5,64.3,-2.4
1TPK,A,V,65,T,4.5,64.3,-1
1TTQ,A,A,18,G,7.8,25,-2.7
1TTQ,A,A,18,V,7.8,25,-2.3
1TTQ,A,F,22,I,7.8,25,-4.58
1TTQ,A,F,22,L,7.8,25,-1.05
1TTQ,A,F,22,V,7.8,25,-3.44
1TTQ,A,Y,175,Q,7.8,25,-1.65
1TTQ,A,L,209,V,7.8,25,-3.2
1TTQ,A,I,232,V,7.8,25,-3.3
1TYV,A,G,177,R,7.4,88.4,-0.7
1TYV,A,T,235,I,7.4,88.4,-0.53
1TYV,A,G,244,R,7.4,88.4,-1.33
1TYV,A,R,285,K,7.4,88.4,-3.43
1TYV,A,E,309,V,7.4,88.4,-0.77
1TYV,A,G,323,D,7.4,88.4,-0.13
1UBQ,A,K,6,E,5,25,0.53
1UBQ,A,K,6,Q,5,25,0.26
1UBQ,A,E,18,D,3,25,-0.08
1UBQ,A,K,27,Q,5,25,-1.91
1UBQ,A,K,29,N,5,25,-1.48
1UBQ,A,K,29,Q,5,25,-1.67
1UBQ,A,R,42,E,5,25,1.63
1UBQ,A,F,45,W,5,25,0.46
1UBQ,A,H,68,E,5,25,0.77
1UBQ,A,H,68,Q,5,25,0.55
1UBQ,A,R,72,Q,5,25,-0.33
1UZC,A,W,11,F,5.7,9.9,-0.31
1UZC,A,T,13,A,5.7,9.9,-0.99
1UZC,A,T,13,S,5.7,9.9,0.1
1UZC,A,E,15,A,5.7,9.9,-0.4
1UZC,A,E,15,G,5.7,9.9,-1.02
1UZC,A,A,17,G,5.7,9.9,-0.7
1UZC,A,Q,19,A,5.7,9.9,-0.08
1UZC,A,Q,19,G,5.7,9.9,-1.23
1UZC,A,A,20,G,5.7,9.9,-2.3
1UZC,A,L,24,A,5.7,9.9,-1.04
1UZC,A,K,26,A,5.7,9.9,0.11
1UZC,A,K,26,G,5.7,9.9,-0.74
1UZC,A,E,27,A,5.7,9.9,-0.62
1UZC,A,E,27,G,5.7,9.9,-1.57
1UZC,A,V,30,A,5.7,9.9,-3.28
1UZC,A,S,32,A,5.7,9.9,0
1UZC,A,N,33,G,5.7,9.9,-0.42
1UZC,A,S,35,A,5.7,9.9,-1.04
1UZC,A,W,36,F,5.7,9.9,0.3
1UZC,A,Q,38,A,5.7,9.9,-0.37
1UZC,A,Q,38,G,5.7,9.9,-1.57
1UZC,A,A,39,G,5.7,9.9,-1.93
1UZC,A,M,42,A,5.7,9.9,-1.37
1UZC,A,I,43,V,5.7,9.9,-1.21
1UZC,A,I,44,A,5.7,9.9,-0.09
1UZC,A,I,44,G,5.7,9.9,-0.4
1UZC,A,I,44,V,5.7,9.9,-0.3
1UZC,A,D,46,N,5.7,9.9,-2.51
1UZC,A,Y,49,A,5.7,9.9,-2.46
1UZC,A,Y,49,F,5.7,9.9,-0.31
1UZC,A,S,50,A,5.7,9.9,-0.02
1UZC,A,S,50,G,5.7,9.9,-0.02
1UZC,A,A,51,G,5.7,9.9,-1.12
1UZC,A,L,52,A,5.7,9.9,-2.71
1UZC,A,A,53,G,5.7,9.9,-0.3
1UZC,A,S,56,A,5.7,9.9,-0.4
1UZC,A,S,56,G,5.7,9.9,-0.54
1UZC,A,K,58,A,5.7,9.9,-2.1
1UZC,A,Q,60,A,5.7,9.9,0.31
1UZC,A,Q,60,G,5.7,9.9,-0.8
1UZC,A,A,61,G,5.7,9.9,-2.07
1UZC,A,A,64,G,5.7,9.9,-0.94
1UZC,A,Y,65,F,5.7,9.9,-0.72
1UZC,A,V,67,A,5.7,9.9,0.51
1UZC,A,V,67,G,5.7,9.9,0
1VQB,A,I,6,V,7,25,-0.35
1VQB,A,F,13,T,7,25,-0.35
1VQB,A,V,19,C,7,25,-0.15
1VQB,A,V,19,T,7,25,-0.3
1VQB,A,K,24,V,7,25,0.4
1VQB,A,Y,26,R,7,25,-0.2
1VQB,A,L,28,V,7,25,0.55
1VQB,A,E,30,F,7,25,1.02
1VQB,A,E,30,M,7,25,0.32
1VQB,A,E,30,N,7,25,-0.55
1VQB,A,L,32,H,7,25,-0.45
1VQB,A,L,32,R,7,25,-0.8
1VQB,A,L,32,W,7,25,1.4
1VQB,A,L,32,Y,7,25,0.5
1VQB,A,C,33,A,7,25,-0.25
1VQB,A,C,33,I,7,25,-0.45
1VQB,A,C,33,L,7,25,-1.3
1VQB,A,C,33,M,7,25,-1.75
1VQB,A,C,33,S,7,25,-2.12
1VQB,A,C,33,T,7,25,-2.3
1VQB,A,C,33,V,7,25,-0.1
1VQB,A,V,35,A,7,25,-1.02
1VQB,A,V,35,C,7,25,-0.55
1VQB,A,V,35,F,7,25,-1.5
1VQB,A,V,35,I,7,25,-0.32
1VQB,A,V,35,L,7,25,-1.07
1VQB,A,V,35,M,7,25,-0.53
1VQB,A,V,35,T,7,25,-2.65
1VQB,A,D,36,C,7,25,-1.02
1VQB,A,D,36,N,7,25,-0.5
1VQB,A,L,37,A,7,25,-3.85
1VQB,A,L,37,C,7,25,-2.3
1VQB,A,L,37,I,7,25,-0.7
1VQB,A,L,37,T,7,25,-2.6
1VQB,A,L,37,V,7,25,-1.75
1VQB,A,E,40,C,7,25,-0.8
1VQB,A,E,40,T,7,25,-0.2
1VQB,A,Y,41,A,7,25,-0.2
1VQB,A,Y,41,F,7,25,-0.3
1VQB,A,V,43,C,7,25,-1.05
1VQB,A,V,43,T,7,25,-0.8
1VQB,A,V,45,A,7,25,-1.05
1VQB,A,V,45,C,7,25,-0.05
1VQB,A,V,45,L,7,25,-1.5
1VQB,A,V,45,T,7,25,-1.75
1VQB,A,I,47,A,7,25,-3.32
1VQB,A,I,47,C,7,25,-2.33
1VQB,A,I,47,F,7,25,-0.85
1VQB,A,I,47,L,7,25,-0.28
1VQB,A,I,47,M,7,25,-1
1VQB,A,I,47,T,7,25,-3.7
1VQB,A,I,47,V,7,25,-1.18
1VQB,A,T,48,C,7,25,-0.4
1VQB,A,T,48,V,7,25,0
1VQB,A,L,49,A,7,25,-3.05
1VQB,A,L,49,C,7,25,-2.05
1VQB,A,L,49,I,7,25,-0.95
1VQB,A,L,49,T,7,25,-2.85
1VQB,A,L,49,V,7,25,-1.45
1VQB,A,D,50,H,7,25,-0.77
1VQB,A,T,62,C,7,25,-0.35
1VQB,A,T,62,V,7,25,0.65
1VQB,A,V,63,C,7,25,-2.05
1VQB,A,V,63,T,7,25,-2.5
1VQB,A,H,64,C,7,25,0.25
1VQB,A,S,67,C,7,25,-1.85
1VQB,A,S,67,T,7,25,-0.8
1VQB,A,F,68,L,7,25,-2.12
1VQB,A,F,68,V,7,25,-2.5
1VQB,A,K,69,H,7,25,-0.62
1VQB,A,K,69,M,7,25,0.08
1VQB,A,V,70,C,7,25,-1.6
1VQB,A,V,70,T,7,25,-1.75
1VQB,A,F,73,W,7,25,0.4
1VQB,A,M,77,A,7,25,-1.05
1VQB,A,M,77,C,7,25,0
1VQB,A,M,77,F,7,25,-0.1
1VQB,A,M,77,I,7,25,0.8
1VQB,A,M,77,L,7,25,-0.6
1VQB,A,M,77,T,7,25,-0.4
1VQB,A,M,77,V,7,25,0.6
1VQB,A,I,78,C,7,25,-2.2
1VQB,A,I,78,T,7,25,-3.3
1VQB,A,I,78,V,7,25,-0.65
1VQB,A,L,81,C,7,25,-1.85
1VQB,A,L,81,T,7,25,-2.55
1VQB,A,L,81,V,7,25,-0.1
1VQB,A,R,82,C,7,25,-0.75
1VQB,A,A,86,T,7,25,-0.35
1VQB,A,A,86,V,7,25,0.25
1WIT,A,Y,73,F,7,20,-2.15
1WQ5,A,F,22,L,7.8,25,1.4
1WQ5,A,I,37,A,7.8,25,-4.42
1WQ5,A,E,49,A,7.8,25,0.41
1WQ5,A,E,49,C,7.8,25,1.33
1WQ5,A,E,49,D,7.8,25,0.07
1WQ5,A,E,49,F,7.8,25,1.15
1WQ5,A,E,49,G,7.8,25,-0.03
1WQ5,A,E,49,H,7.8,25,1.51
1WQ5,A,E,49,I,7.8,25,3.79
1WQ5,A,E,49,K,7.8,25,0.42
1WQ5,A,E,49,L,7.8,25,3.67
1WQ5,A,E,49,M,7.4,25.1,3.13
1WQ5,A,E,49,N,7.8,25,-0.05
1WQ5,A,E,49,Q,7.3,25.1,-0.58
1WQ5,A,E,49,S,7.4,25,-0.01
1WQ5,A,E,49,T,7.8,25,0.16
1WQ5,A,E,49,V,7.4,25,2.43
1WQ5,A,E,49,W,7.8,25,-0.02
1WQ5,A,E,49,Y,7.4,25,0.41
1WQ5,A,L,50,A,7.8,25,-2.99
1WQ5,A,C,81,A,9,50,-0.69
1WQ5,A,C,81,G,9,50,-1.58
1WQ5,A,C,81,S,9,50,-1.41
1WQ5,A,C,81,V,9,50,-1.32
1WQ5,A,L,99,A,7.8,25,-4.07
1WQ5,A,C,118,A,9,50,-1.36
1WQ5,A,C,118,S,9,50,-2.27
1WQ5,A,C,118,V,9,50,-1.34
1WQ5,A,L,127,A,7.8,25,-1.28
1WQ5,A,F,139,W,7.8,23,-0.64
1WQ5,A,C,154,A,9,50,-1.03
1WQ5,A,C,154,S,9,50,-1.72
1WQ5,A,C,154,V,9,50,-1.12
1WQ5,A,Y,175,C,7.8,25,-0.6
1WQ5,A,L,176,A,7.8,25,-4.01
1WQ5,A,G,211,D,7.8,25,-0.8
1WQ5,A,G,211,E,7.8,33.2,1.1
1WQ5,A,G,211,R,7.8,50.4,-0.12
1WQ5,A,G,211,S,7.8,25,-0.15
1WQ5,A,G,211,V,7.8,25,1.05
1WQ5,A,G,211,W,7.8,25,-1.95
1WQ5,A,G,234,D,7.8,25,3.4
1WQ5,A,G,234,K,7.8,25,0.2
1WQ5,A,F,258,W,7.8,23,-1.17
1YU5,X,H,41,Y,5.6,25,1.11
1YYJ,A,L,3,A,5,25,-1.6
1YYJ,A,W,7,M,5,25,-0.85
1YYJ,A,L,10,A,5,25,-1.86
1YYJ,A,L,14,A,5,25,-1.92
1YYJ,A,K,15,A,5,25,-0.2
1YYJ,A,I,17,A,5,25,-1.3
1YYJ,A,E,18,A,5,25,1.3
1YYJ,A,A,20,G,5,25,-1.97
1YYJ,A,A,23,G,5,25,-2.38
1YYJ,A,K,27,A,5,25,-0.17
1YYJ,A,K,27,G,5,25,-1
1YYJ,A,L,30,A,5,25,-2.83
1YYJ,A,M,33,A,5,25,-2.97
1YYJ,A,R,34,A,5,25,-2.25
1YYJ,A,R,34,G,5,25,-3.26
1YYJ,A,A,36,G,5,25,-2.61
1YYJ,A,A,37,G,5,25,-4.15
1YYJ,A,L,38,G,5,25,-1.44
1YYJ,A,A,40,G,5,25,-1.41
1YYJ,A,L,48,A,5,25,-3.73
1YYJ,A,K,51,G,5,25,-1.32
1YYJ,A,M,58,A,5,25,-2.91
1YYJ,A,F,61,A,5,25,-4.52
1YYJ,A,F,65,A,5,25,-1.92
1YYJ,A,L,68,A,5,25,-3.88
1YYJ,A,V,69,G,5,25,-3.61
1YYJ,A,I,72,A,5,25,-4.79
1YYJ,A,D,73,A,5,25,-1.57
1YYJ,A,L,76,A,5,25,-3.48
1YYJ,A,V,84,A,5,25,-3.42
1YYJ,A,A,87,G,5,25,-3.2
1YYJ,A,A,90,G,5,25,-2.34
1YYJ,A,A,91,G,5,25,-1.6
1YYJ,A,L,94,A,5,25,-1.5
1YYJ,A,I,98,A,5,25,-3.48
1YYJ,A,Y,101,A,5,25,0.52
1YYJ,A,Y,105,A,5,25,-2.36
1ZG4,A,C,77,S,7,25,-3.36
1ZG4,A,W,290,F,7,25,-0.83
1ZNJ,B,S,9,D,8,25,0.06
1ZNJ,B,H,10,D,7.2,24,0.76
1ZNJ,B,H,10,E,8,25,1.11
1ZNJ,B,H,10,T,8,25,0.03
1ZNJ,B,F,25,D,8,25,0.48
1ZNJ,B,F,25,H,8,25,0.75
1ZNJ,B,Y,26,T,8,25,-0.22
1ZNJ,B,K,29,G,7.5,23,-0.05
2A01,A,L,141,R,7.4,25,-0.65
2A36,A,T,22,A,6,25,0.4
2A36,A,T,22,D,6,25,1.5
2A36,A,T,22,F,6,25,1.3
2A36,A,T,22,G,6,20.1,3.59
2A36,A,T,22,K,6,25,0
2A36,A,T,22,L,6,25,0.5
2A36,A,T,22,N,6,25,1.3
2A36,A,T,22,S,6,25,0.6
2ABD,A,F,5,A,5.3,5,-2.61
2ABD,A,A,9,G,5.3,5,-1.88
2ABD,A,V,12,A,5.3,5,-1.54
2ABD,A,L,15,A,5.3,5,-3.28
2ABD,A,D,21,A,5.3,5,0.03
2ABD,A,D,21,H,5.3,5,-0.56
2ABD,A,L,25,A,5.3,5,-1.6
2ABD,A,F,26,A,5.3,5,-1.79
2ABD,A,Y,28,A,5.3,5,-2.74
2ABD,A,Y,28,F,5.3,5,-1.23
2ABD,A,Y,28,N,5.3,5,-2.48
2ABD,A,Y,31,N,5.3,5,-1.86
2ABD,A,K,32,A,5.3,5,-1.34
2ABD,A,K,32,E,5.3,5,-1.48
2ABD,A,K,32,R,5.3,5,-1.83
2ABD,A,Q,33,A,5.3,5,-3.64
2ABD,A,A,34,G,5.3,5,-1.33
2ABD,A,T,35,A,5.3,5,-1.47
2ABD,A,I,39,A,5.3,5,-1.05
2ABD,A,K,52,M,5.3,5,0.24
2ABD,A,K,54,A,5.3,5,-0.97
2ABD,A,K,54,M,5.3,5,0.1
2ABD,A,E,67,A,5.3,5,-0.6
2ABD,A,A,69,G,5.3,5,-2.28
2ABD,A,Y,73,A,5.3,5,-4.77
2ABD,A,Y,73,F,5.3,5,0.29
2ABD,A,I,74,A,5.3,5,-1.7
2ABD,A,V,77,A,5.3,5,-1.57
2ABD,A,L,80,A,5.3,5,-4.15
2CI2,I,K,21,A,6.2,25,-0.79
2CI2,I,K,21,M,6.2,25,-0.7
2CI2,I,T,22,A,6.3,35.7,-0.93
2CI2,I,T,22,G,6.3,25,-1.07
2CI2,I,T,22,V,6.3,25,-0.76
2CI2,I,E,26,A,6.2,25,-0.75
2CI2,I,E,26,Q,6.2,25,-0.6
2CI2,I,L,27,A,5.7,33.7,-2.44
2CI2,I,K,30,A,6.2,25,-0.39
2CI2,I,S,31,A,5.8,31.2,-0.96
2CI2,I,S,31,G,5.7,25,-0.49
2CI2,I,E,33,D,6.2,25,-0.65
2CI2,I,E,33,N,6.3,32.2,-0.55
2CI2,I,E,33,Q,6.2,25,-0.39
2CI2,I,E,34,D,6.2,25,-0.19
2CI2,I,E,34,N,6.2,25,-0.58
2CI2,I,E,34,Q,6.2,25,-0.58
2CI2,I,A,35,G,6.2,25,-1.25
2CI2,I,K,36,A,6.3,35.8,-0.7
2CI2,I,K,36,G,6.2,25,-2.16
2CI2,I,K,37,A,6.3,35.8,-0.18
2CI2,I,K,37,G,6.3,35.8,-1.18
2CI2,I,V,38,A,5.8,31.2,-0.31
2CI2,I,I,39,L,7,30,-1.96
2CI2,I,I,39,V,5.8,30.3,-1.16
2CI2,I,L,40,A,6.2,25,-1.27
2CI2,I,L,40,G,6.2,25,-1.73
2CI2,I,Q,41,A,6.2,25,-0.28
2CI2,I,Q,41,G,6.2,25,-0.76
2CI2,I,D,42,A,6.2,25,-1
2CI2,I,K,43,A,5.9,39.8,-0.82
2CI2,I,K,43,G,6.2,25,-3.34
2CI2,I,E,45,A,5.8,37.2,-0.64
2CI2,I,I,48,A,5.3,25,-3.68
2CI2,I,I,48,V,5.7,33.4,-0.97
2CI2,I,I,49,A,6.3,35.7,-1.05
2CI2,I,I,49,G,6.3,25,-3.23
2CI2,I,I,49,T,6.3,25,-1.21
2CI2,I,I,49,V,6.3,35.7,-0.1
2CI2,I,L,51,A,6.3,35.8,-2.16
2CI2,I,L,51,I,6.2,25,-0.63
2CI2,I,L,51,V,6.3,35.8,-0.67
2CI2,I,V,53,A,6.3,35.7,-0.88
2CI2,I,V,53,G,6.3,25,-2.26
2CI2,I,V,53,T,6.3,35.7,-1.31
2CI2,I,T,55,A,6.2,25,-0.59
2CI2,I,T,55,S,6.2,25,-0.5
2CI2,I,T,55,V,6.2,25,-1.16
2CI2,I,I,56,A,6.2,25,-0.65
2CI2,I,V,57,A,6.2,25,-1.07
2CI2,I,T,58,A,6.3,25,-0.69
2CI2,I,T,58,D,6.3,25,0
2CI2,I,E,60,A,6.3,25,-0.89
2CI2,I,R,62,A,6.2,25,-0.8
2CI2,I,D,64,A,6.2,25,-0.91
2CI2,I,V,66,A,5.3,25,-4.92
2CI2,I,R,67,A,7,30.1,-1.21
2CI2,I,L,68,A,5.3,25,-3.7
2CI2,I,F,69,A,6.2,25,-3.53
2CI2,I,F,69,L,6.3,35.8,-2.05
2CI2,I,F,69,V,6.2,25,-1.9
2CI2,I,V,70,A,5.7,33.7,-1.74
2CI2,I,D,71,A,6.2,25,-3.28
2CI2,I,K,72,N,6.2,25,-0.61
2CI2,I,N,75,A,6.2,25,-1.02
2CI2,I,N,75,D,6.2,25,-1.36
2CI2,I,I,76,A,4.8,25,-4.21
2CI2,I,I,76,V,5.7,33.7,0.1
2CI2,I,A,77,G,6.3,25,-1.42
2CI2,I,V,79,A,6.3,25,-1.46
2CI2,I,V,79,G,6.3,25,-2.38
2CI2,I,V,79,T,6.3,25,-0.89
2CI2,I,V,82,A,6.3,25,-1.36
2CI2,I,V,82,G,6.3,25,-3.24
2CI2,I,V,82,T,6.3,25,-1.33
2DRI,A,A,27,T,7.7,25,-3.3
2DRI,A,V,50,E,7.7,25,-3.5
2H61,A,L,3,A,7.2,25,-0.64
2H61,A,L,3,S,7.2,25,-1.25
2H61,A,M,7,A,7.2,25,-2
2H61,A,I,11,A,7.2,25,-1.65
2H61,A,F,14,A,7.2,25,-2.85
2HPR,A,S,46,D,7,54.2,0.72
2IMM,A,A,15,L,7.4,20,1.36
2IMM,A,M,21,I,7.4,20,0.24
2IMM,A,M,21,L,7.4,20,-0.31
2IMM,A,K,24,R,7.4,20,-0.17
2IMM,A,F,32,Y,7.4,20,0.38
2IMM,A,T,63,S,7.4,20,0.29
2IMM,A,Q,79,E,7.4,20,-0.41
2IMM,A,N,90,Q,7.4,20,1.05
2IMM,A,A,100,G,7.4,20,0.02
2IMM,A,L,106,I,7.4,20,0.36
2LZM,A,I,3,A,5.4,59.3,-0.79
2LZM,A,I,3,C,5.4,59.3,0.07
2LZM,A,I,3,D,5.4,59.3,-2.87
2LZM,A,I,3,E,4,53,-1.72
2LZM,A,I,3,F,4,53,-1.02
2LZM,A,I,3,G,5.4,59.3,-2.03
2LZM,A,I,3,L,4.2,56.2,0.77
2LZM,A,I,3,M,5.4,59.3,-0.76
2LZM,A,I,3,S,5.4,59.3,-1.75
2LZM,A,I,3,T,4,53,-2.15
2LZM,A,I,3,V,5.4,59.3,-0.45
2LZM,A,I,3,W,6.5,64.7,-2.8
2LZM,A,I,3,Y,5.4,59.3,-2.39
2LZM,A,M,6,I,6.5,43.5,-3.1
2LZM,A,E,11,A,5.4,66.5,1.1
2LZM,A,E,11,F,5.4,66.5,1.7
2LZM,A,E,11,M,5.4,66.5,1.6
2LZM,A,K,16,E,4.4,61.2,0.15
2LZM,A,Y,25,G,7,22,-4.55
2LZM,A,G,30,A,5.4,66.5,0.1
2LZM,A,G,30,F,5.4,66.5,-1.5
2LZM,A,S,38,A,3,53.4,-0.77
2LZM,A,S,38,D,5.7,50.1,-0.01
2LZM,A,A,41,V,3.9,57,0.37
2LZM,A,S,44,A,2.5,47.8,0.44
2LZM,A,G,51,D,7,22,-2.63
2LZM,A,C,54,T,6.2,67.6,0.87
2LZM,A,C,54,V,6.5,70,-0.7
2LZM,A,N,55,G,5.4,59.3,-0.58
2LZM,A,I,58,Y,7,22,-3.11
2LZM,A,K,60,H,5.4,54.9,-0.26
2LZM,A,N,68,A,2.5,47.8,0.05
2LZM,A,G,77,A,5.9,48.4,-0.2
2LZM,A,K,83,H,5.4,54.9,-0.42
2LZM,A,S,90,H,5.5,59,-1.09
2LZM,A,R,96,H,5.6,63.6,-2.91
2LZM,A,A,98,T,7,22,-3.83
2LZM,A,A,98,V,5.7,27.8,-4.98
2LZM,A,M,102,V,3,47,-3
2LZM,A,V,103,A,7,22,-1.91
2LZM,A,Q,105,A,4.8,59.8,-0.68
2LZM,A,Q,105,E,4.8,59.8,-0.94
2LZM,A,Q,105,G,5.9,41.7,-2.3
2LZM,A,G,113,A,4,53.3,0.39
2LZM,A,T,115,E,5,60.8,0.03
2LZM,A,N,116,D,4.6,60.9,0.47
2LZM,A,S,117,F,5.4,66.5,1.1
2LZM,A,S,117,I,5.4,66.5,1.7
2LZM,A,S,117,V,5.4,66.5,2
2LZM,A,R,119,E,4.8,46.9,-0.06
2LZM,A,R,119,M,4.8,59.8,0
2LZM,A,Q,123,E,5.5,61.9,0.27
2LZM,A,K,124,G,5.4,59.3,-0.08
2LZM,A,E,128,A,2,40.8,0.16
2LZM,A,E,128,K,3,47,-1.16
2LZM,A,A,129,V,2.5,47.7,-0.74
2LZM,A,V,131,A,3.4,53.2,0.3
2LZM,A,V,131,D,3,53.1,0.08
2LZM,A,V,131,E,3,53.1,0.2
2LZM,A,V,131,G,3,53.1,-0.68
2LZM,A,V,131,I,3,53.1,0.16
2LZM,A,V,131,L,3,53.1,0.09
2LZM,A,V,131,M,3,53.1,0.12
2LZM,A,V,131,S,3,53.1,-0.05
2LZM,A,V,131,T,2.7,49.7,-0.09
2LZM,A,N,132,F,5.4,66.5,1.3
2LZM,A,N,132,I,5.4,66.5,1.2
2LZM,A,N,132,M,5.4,66.5,1.5
2LZM,A,L,133,A,2,40.8,-4.19
2LZM,A,L,133,F,2.5,47.7,-0.26
2LZM,A,K,135,E,4.8,46.9,-0.83
2LZM,A,W,138,Y,6,26.4,-2.62
2LZM,A,N,144,D,5.2,61.2,0.39
2LZM,A,N,144,E,5.5,61.9,0.46
2LZM,A,A,146,I,7,22,-4.31
2LZM,A,A,146,T,6.1,44.5,-2.25
2LZM,A,A,146,V,7,22,-4.31
2LZM,A,K,147,E,4.8,46.9,-0.53
2LZM,A,V,149,A,7,22,-2.87
2LZM,A,V,149,C,3,40,-2.2
2LZM,A,T,152,S,3,40,-2.6
2LZM,A,F,153,C,7,22,-3.11
2LZM,A,R,154,E,4.4,61.2,-0.65
2LZM,A,G,156,D,6.2,41.6,-3.03
2LZM,A,T,157,A,2.5,46.3,-0.9
2LZM,A,T,157,C,2,42,-1.3
2LZM,A,T,157,D,6,26.1,-2.12
2LZM,A,T,157,E,2.5,46.3,-1.22
2LZM,A,T,157,F,6,26.1,-3.73
2LZM,A,T,157,G,2,42,-1.1
2LZM,A,T,157,H,2,42,-2.1
2LZM,A,T,157,I,3.8,54.6,-1.79
2LZM,A,T,157,L,2.5,46.3,-1.63
2LZM,A,T,157,N,2.5,46.3,-0.99
2LZM,A,T,157,R,2.5,46.3,-0.54
2LZM,A,T,157,S,2,42,-0.66
2LZM,A,T,157,V,2.5,46.3,-1.49
2LZM,A,A,160,T,6.5,43.5,-3.12
2NVH,A,R,4,Q,6.5,25,-0.57
2NVH,A,L,6,A,6.5,25,-2.13
2NVH,A,N,7,D,6.5,25,0.09
2NVH,A,N,7,G,6.5,25,-1.91
2NVH,A,C,8,A,6.5,25,-2.02
2NVH,A,C,8,S,6.5,25,-3.74
2NVH,A,T,9,A,6.5,25,-1.45
2NVH,A,T,9,G,6.5,25,-2.91
2NVH,A,T,9,L,6.5,25,-1.9
2NVH,A,T,9,Q,6.5,25,-2.53
2NVH,A,L,10,A,6.5,25,-3.9
2NVH,A,K,97,G,6.5,25,-1.65
2NVH,A,K,97,R,6.5,25,-1.8
2NVH,A,K,97,V,6.5,25,1.15
2OCJ,A,R,175,H,7.2,10,-3.47
2OCJ,A,C,242,S,7.2,10,-3.3
2OCJ,A,R,248,Q,7.2,10,-2.03
2OCJ,A,R,249,S,7.2,10,-1.81
2OCJ,A,R,273,H,7.2,10,-0.13
2RN2,A,D,10,A,6.8,48.1,3.4
2RN2,A,D,10,E,6.8,48.1,1.04
2RN2,A,D,10,H,6.8,48.1,1.65
2RN2,A,D,10,N,6.8,48.1,0.99
2RN2,A,D,10,S,6.8,48.1,1.95
2RN2,A,G,23,A,4.6,51.9,0.57
2RN2,A,A,24,V,4.6,51.8,0.83
2RN2,A,R,41,C,4.6,51.8,0.33
2RN2,A,E,48,A,6.8,48.1,-0.23
2RN2,A,E,48,D,6.8,48.1,-0.05
2RN2,A,E,48,Q,6.8,48.1,0.15
2RN2,A,A,52,C,3.2,53,0.8
2RN2,A,A,52,D,3.2,53,-1.9
2RN2,A,A,52,E,3.2,53,-1.5
2RN2,A,A,52,F,3.2,53,-0.5
2RN2,A,A,52,G,3.2,53,-2.7
2RN2,A,A,52,H,3.2,53,-3.6
2RN2,A,A,52,I,3.2,53,1.9
2RN2,A,A,52,L,3.2,53,1.3
2RN2,A,A,52,M,3.2,53,0.5
2RN2,A,A,52,N,3.2,53,-1.8
2RN2,A,A,52,Q,3.2,53,-1.2
2RN2,A,A,52,S,3.2,53,-1.8
2RN2,A,A,52,T,3.2,53,-0.8
2RN2,A,A,52,V,3.1,51.6,1.7
2RN2,A,A,52,Y,3.2,53,-2.3
2RN2,A,I,53,D,5.5,25,-3.1
2RN2,A,I,53,F,5.5,25,-3.9
2RN2,A,I,53,L,5.5,25,-1.4
2RN2,A,I,53,V,5.5,25,-0.2
2RN2,A,H,62,A,6.4,25,0.44
2RN2,A,H,62,D,4.6,51.8,0.13
2RN2,A,H,62,R,4.6,51.8,0.22
2RN2,A,S,68,A,4.6,34,-0.2
2RN2,A,S,68,G,4.6,34,-2.17
2RN2,A,S,68,L,4.6,34,-0.82
2RN2,A,S,68,T,4.6,34,-0.01
2RN2,A,S,68,V,4.6,34,0.7
2RN2,A,D,70,A,6.8,48.1,0.65
2RN2,A,D,70,E,6.8,48.1,0.25
2RN2,A,D,70,N,6.8,48.1,0.89
2RN2,A,V,74,A,4.6,51.2,-2.98
2RN2,A,V,74,I,4.6,51.2,0.64
2RN2,A,V,74,L,4.6,51.6,0.97
2RN2,A,Q,76,L,3,50.1,0.24
2RN2,A,G,77,A,3,49.8,-0.9
2RN2,A,Q,80,L,3,50.1,0.3
2RN2,A,H,83,A,6.4,25,0.07
2RN2,A,K,91,R,4.6,49.8,0.07
2RN2,A,D,94,E,4.6,49.8,-0.4
2RN2,A,K,95,A,4.6,49.8,0.1
2RN2,A,K,95,G,4.6,49.8,1.83
2RN2,A,K,95,N,4.6,50.8,0.89
2RN2,A,H,114,A,5.5,25,-1.87
2RN2,A,K,117,R,4.6,51.8,0
2RN2,A,E,119,V,4.6,51.8,0.51
2RN2,A,H,124,A,6.4,25,0.17
2RN2,A,A,125,T,4.6,51.2,0.04
2RN2,A,H,127,A,6.4,25,-0.32
2RN2,A,D,134,A,5.7,50.1,1.42
2RN2,A,D,134,E,4.6,52,0.81
2RN2,A,D,134,H,4.6,52,1.42
2RN2,A,D,134,I,4.6,52,1.07
2RN2,A,D,134,L,4.6,52,1.38
2RN2,A,D,134,N,5.7,50.1,0.81
2RN2,A,D,134,Q,4.6,52,1.02
2RN2,A,D,134,S,4.6,52,0.79
2RN2,A,D,134,T,4.6,52,0.74
2RN2,A,D,134,V,4.6,52,0.83
2RN2,A,E,135,K,4.6,51.8,-0.53
2TRT,A,R,128,E,7.5,22,0.31
2TRX,A,D,26,A,7.7,25,4.2
2TRX,A,D,26,I,7,25,3.37
2TRX,A,C,32,A,7,25,-3.5
2TRX,A,C,35,A,7,25,-3.03
2TRX,A,T,66,L,7,25,-1.03
2TRX,A,T,77,V,7,25,-0.72
2TRX,A,L,78,K,7,85.3,-1.95
2TRX,A,L,78,R,7,85.3,-2
2TS1,A,I,52,L,7.8,25,0.1
2TS1,A,L,105,V,7.8,25,-3.15
3ECA,A,T,12,A,7.4,25,0
3ECA,A,T,12,S,7.4,25,-0.24
3ECA,A,T,119,A,7.4,25,0
3ECA,A,S,122,A,7.4,25,0.96
3GLY,A,G,137,A,4.5,30,-0.31
3GLY,A,G,139,A,4.5,30,-1.4
3GLY,A,G,251,A,4.5,30,-0.14
3GLY,A,G,383,A,4.5,30,0.11
3HHR,A,S,71,A,8,20,-1.12
3HHR,A,S,71,Q,8,20,-1.37
3HHR,A,S,71,T,8,20,-0.2
3HHR,A,S,71,V,8,20,-1.26
3HHR,A,E,74,A,8,20,-0.95
3HHR,A,E,74,D,8,20,-1.26
3HHR,A,E,74,L,8,20,-1.01
3HHR,A,E,74,Q,8,20,-0.71
3HHR,A,E,74,S,8,20,-1.01
3HHR,A,E,74,T,8,20,-1.13
3MBP,A,V,8,G,7.6,25,0.38
3MBP,A,W,10,A,7.6,25,-4.31
3MBP,A,G,19,C,7.6,25,-2.15
3MBP,A,D,55,N,7.6,25,0.69
3MBP,A,A,276,G,7.6,25,-1.1
3MBP,A,Y,283,D,7.6,25,-2.3
3MBP,A,T,345,I,7.6,25,0.17
3PGK,A,Y,48,W,7.5,25,-1.62
3PGK,A,Y,122,W,7.5,25,-2.19
3PGK,A,F,194,W,7.5,25,-1.12
3PGK,A,W,308,F,7.5,25,-2.46
3PGK,A,W,308,Y,7.5,23.6,-1.06
3PGK,A,W,333,F,7.5,24.1,-1.88
3PGK,A,W,333,Y,7.5,25,-1.13
3PGK,A,H,388,Q,6.5,25,-0.84
3PGK,A,L,399,W,7.5,25,-2.56
3SIL,A,A,53,L,7,25,0.9
3SIL,A,A,69,V,7,25,0.45
3SSI,A,V,13,A,8,82.2,-3.42
3SSI,A,V,13,F,8,82.2,-2.78
3SSI,A,V,13,G,8,82.2,-4.96
3SSI,A,V,13,I,8,82.2,-0.44
3SSI,A,V,13,L,8,82.2,-1.17
3SSI,A,V,13,M,8,82.2,-2.86
3SSI,A,M,73,A,6.9,53.4,0.21
3SSI,A,M,73,D,6.9,53.4,0.69
3SSI,A,M,73,E,6.9,53.4,0.37
3SSI,A,M,73,G,6.9,53.4,-0.11
3SSI,A,M,73,I,6.9,53.4,-0.5
3SSI,A,M,73,K,6.9,53.4,0.23
3SSI,A,M,73,L,6.9,53.4,-0.16
3SSI,A,M,73,V,6.9,53.4,-0.35
3SSI,A,M,103,A,6.9,75.5,-1.13
3SSI,A,M,103,G,8,81.6,-3.46
3SSI,A,M,103,I,6.9,75.5,-1.01
3SSI,A,M,103,L,6.9,75.5,0.08
3SSI,A,M,103,V,6.9,75.5,-0.93
4LYZ,A,F,3,Y,6.4,74,-0.45
4LYZ,A,M,12,F,2.7,66,0.28
4LYZ,A,M,12,L,2.7,66,-0.57
4LYZ,A,H,15,L,6.4,74,0.76
4LYZ,A,N,19,K,6.4,74,-1.06
4LYZ,A,R,21,Q,6.4,74,-0.15
4LYZ,A,A,31,I,6.4,74,1.4
4LYZ,A,A,31,L,6.4,74,1.8
4LYZ,A,A,31,V,6.4,74,1.2
4LYZ,A,F,34,Y,6.4,74,0.19
4LYZ,A,E,35,A,4.6,35,1.24
4LYZ,A,E,35,H,4.6,35,-2.45
4LYZ,A,E,35,Q,4.6,35,-0.64
4LYZ,A,T,40,I,6.4,74,-2.2
4LYZ,A,T,40,S,6.4,74,-0.27
4LYZ,A,N,46,D,4.6,35,-0.44
4LYZ,A,G,49,A,4.2,48.8,-1.91
4LYZ,A,G,49,N,9.5,20,-0.96
4LYZ,A,I,55,A,6.4,74,-4.4
4LYZ,A,I,55,F,6.4,74,-2.46
4LYZ,A,I,55,L,6.4,74,-0.45
4LYZ,A,I,55,M,6.4,74,-2.27
4LYZ,A,I,55,T,5.8,52.5,-4.12
4LYZ,A,I,55,V,6.4,74,-0.91
4LYZ,A,I,58,M,5.5,35,-1.18
4LYZ,A,G,67,A,4.2,48.8,-1.19
4LYZ,A,R,68,K,6.4,74,-0.04
4LYZ,A,G,71,A,2.7,65.6,-0.38
4LYZ,A,R,73,K,6.4,74,0.23
4LYZ,A,N,77,H,6.4,74,-0.38
4LYZ,A,I,78,M,5.5,35,-0.9
4LYZ,A,S,91,A,6.4,74,-0.15
4LYZ,A,S,91,D,6.4,74,-2.31
4LYZ,A,S,91,T,6.4,74,0.99
4LYZ,A,S,91,V,6.4,74,-0.08
4LYZ,A,S,91,Y,6.4,74,-3.07
4LYZ,A,C,94,A,9.5,20,-4.78
4LYZ,A,I,98,M,5.5,35,-0.9
4LYZ,A,D,101,A,6.4,74,0.76
4LYZ,A,D,101,E,6.4,74,0
4LYZ,A,D,101,F,6.4,74,0.72
4LYZ,A,D,101,G,6.4,74,0.45
4LYZ,A,D,101,K,6.4,74,0.19
4LYZ,A,D,101,N,6.4,74,0.04
4LYZ,A,D,101,Q,6.4,74,-0.08
4LYZ,A,D,101,R,6.4,74,0.27
4LYZ,A,D,101,S,6.4,74,0.87
4LYZ,A,G,102,A,2.7,65.6,0.02
4LYZ,A,G,102,R,6.4,74,0.38
4LYZ,A,G,102,V,6.4,74,-0.04
4LYZ,A,N,103,D,9.5,20,0.24
4LYZ,A,M,105,T,9.5,20,-0.24
4LYZ,A,W,108,Q,4.6,35,-3.95
4LYZ,A,W,108,Y,4.6,35,-1.92
4LYZ,A,R,114,H,6.4,74,0.68
4LYZ,A,G,117,A,2.7,65.6,-1.46
4LYZ,A,Q,121,H,6.4,74,-0.45
5CRO,A,Q,16,L,3,45,1.4
5CRO,A,Y,26,C,5.8,45,1.1
5CRO,A,Y,26,D,7,45,1.35
5CRO,A,Y,26,F,7,45,0.2
5CRO,A,Y,26,H,7,45,0.95
5CRO,A,Y,26,L,7,45,0.55
5CRO,A,Y,26,Q,7,45,0.7
5CRO,A,Y,26,V,7,45,0.45
5CRO,A,Y,26,W,7,45,-0.05
5CRO,A,A,36,S,3,45,0.2
5DFR,A,I,2,V,7.8,15,-0.55
5DFR,A,G,15,A,7.8,15,0.44
5DFR,A,W,22,L,7.8,15,-0.31
5DFR,A,L,24,V,7.8,15,-1.29
5DFR,A,D,27,N,7.8,15,1.21
5DFR,A,L,28,R,7.8,15,1.08
5DFR,A,W,30,A,7.8,15,-2.03
5DFR,A,W,30,E,7.8,15,-2.42
5DFR,A,W,30,H,7.8,15,-2.44
5DFR,A,W,30,M,7.8,15,-1.94
5DFR,A,W,30,N,7.8,15,-2.07
5DFR,A,W,30,R,7.8,15,-2.09
5DFR,A,W,30,S,7.8,15,-2.29
5DFR,A,W,30,Y,7.8,15,-1.79
5DFR,A,F,31,A,7.8,15,-1.72
5DFR,A,F,31,V,7.8,15,-1.46
5DFR,A,T,35,A,7.8,15,-1.1
5DFR,A,V,40,A,7.8,15,-1.59
5DFR,A,V,40,F,7.8,15,-1.99
5DFR,A,V,40,H,7.8,15,-2.76
5DFR,A,V,40,I,7.8,15,-0.5
5DFR,A,V,40,L,7.8,15,-0.78
5DFR,A,V,40,M,7.8,15,-1.27
5DFR,A,V,40,N,7.8,15,-1.82
5DFR,A,V,40,R,7.8,15,-1.38
5DFR,A,V,40,S,7.8,15,-2.04
5DFR,A,G,43,A,7.8,15,-0.48
5DFR,A,R,44,A,7.8,15,-0.94
5DFR,A,R,44,L,7.8,15,0.78
5DFR,A,L,54,V,7.8,15,-0.32
5DFR,A,N,59,C,7.8,15,0.24
5DFR,A,N,59,E,7.8,15,-1.36
5DFR,A,N,59,G,7.8,15,-2.01
5DFR,A,N,59,H,7.8,15,-0.81
5DFR,A,N,59,I,7.8,15,0.13
5DFR,A,N,59,K,7.8,15,-1.55
5DFR,A,N,59,L,7.8,15,0.01
5DFR,A,N,59,M,7.8,15,-0.14
5DFR,A,N,59,Q,7.8,15,-0.35
5DFR,A,N,59,S,7.8,15,-1.26
5DFR,A,N,59,T,7.8,15,-0.05
5DFR,A,N,59,V,7.8,15,0.36
5DFR,A,N,59,W,7.8,15,-0.79
5DFR,A,I,61,L,7.8,15,-0.36
5DFR,A,I,61,V,7.8,15,-0.83
5DFR,A,G,67,A,7,15,-0.05
5DFR,A,G,67,C,7,15,-0.51
5DFR,A,G,67,D,7,15,-0.58
5DFR,A,G,67,L,7,15,-0.51
5DFR,A,G,67,S,7,15,-0.27
5DFR,A,G,67,T,7,15,-0.62
5DFR,A,G,67,V,7,15,-0.7
5DFR,A,W,74,F,7.8,15,-1.2
5DFR,A,V,75,A,7.8,15,-0.05
5DFR,A,V,75,C,7.8,15,-0.05
5DFR,A,V,75,H,7.1,15,-1.72
5DFR,A,V,75,I,7.8,15,-1.65
5DFR,A,V,75,R,7.8,15,-2
5DFR,A,V,75,S,7.8,15,-0.8
5DFR,A,V,75,Y,7.8,15,-1.8
5DFR,A,C,85,S,7.8,15,-0.97
5DFR,A,V,88,A,7.2,20,0.29
5DFR,A,V,88,I,7.2,20,-0.49
5DFR,A,I,91,L,7.8,15,-1.5
5DFR,A,I,91,V,7.8,15,-1.34
5DFR,A,I,94,L,7.8,15,-0.63
5DFR,A,I,94,V,7.8,15,-0.67
5DFR,A,G,95,A,7.8,15,-0.9
5DFR,A,L,112,I,7.8,15,-0.25
5DFR,A,L,112,V,7.8,15,-1.39
5DFR,A,T,113,V,7.8,15,-0.91
5DFR,A,G,121,A,7,15,-0.01
5DFR,A,G,121,C,7,15,-0.22
5DFR,A,G,121,D,7,15,-0.34
5DFR,A,G,121,H,7,15,-0.56
5DFR,A,G,121,L,7,15,-0.58
5DFR,A,G,121,S,7,15,-0.08
5DFR,A,G,121,V,7,15,-0.99
5DFR,A,G,121,Y,7,15,-0.51
5DFR,A,D,122,A,7.8,15,-1
5DFR,A,E,139,K,7.8,15,-1.59
5DFR,A,E,139,Q,7.8,15,-0.89
5DFR,A,S,148,A,7.8,15,-0.42
5DFR,A,S,148,E,7.8,15,-0.61
5DFR,A,S,148,K,7.8,15,-0.38
5DFR,A,S,148,N,7.8,15,-0.88
5DFR,A,S,148,R,7.8,15,-0.66
5DFR,A,S,148,T,7.8,15,-0.41
5DFR,A,S,148,V,7.8,15,-0.35
5DFR,A,C,152,E,7.8,15,-0.97
5DFR,A,I,155,A,7.8,15,-2.99
5DFR,A,I,155,D,7.8,15,-3.19
5DFR,A,I,155,E,7.8,15,-2.62
5DFR,A,I,155,K,7.8,15,-2.69
5DFR,A,I,155,L,7.8,15,-1.63
5DFR,A,I,155,Q,7.8,15,-3.01
5DFR,A,I,155,R,7.8,15,-2.65
5DFR,A,I,155,S,7.8,15,-3.09
5DFR,A,I,155,T,7.8,15,-2.53
5DFR,A,I,155,V,7.8,15,-0.03
5DFR,A,I,155,W,7.8,15,-3.21
5DFR,A,I,155,Y,7.8,15,-2.85
5PTI,A,F,4,L,8.7,25,-2.2
5PTI,A,Y,10,L,8.7,25,-2.9
5PTI,A,G,12,D,8.7,25,-4.3
5PTI,A,G,12,V,8.7,25,-4.1
5PTI,A,A,16,T,8.7,25,-1.7
5PTI,A,A,16,V,8.7,25,-1.3
5PTI,A,Y,21,A,2,20,-3.9
5PTI,A,Y,21,L,8.7,25,-3.4
5PTI,A,F,22,A,2,22.7,-1.11
5PTI,A,F,33,I,8.7,25,-2.4
5PTI,A,F,33,L,8.7,25,-2.7
5PTI,A,Y,35,A,8.7,25,-4.7
5PTI,A,Y,35,D,8.7,25,-3.8
5PTI,A,Y,35,F,8.7,25,-0.6
5PTI,A,Y,35,G,5.4,25,-5
5PTI,A,Y,35,N,8.7,25,-3.7
5PTI,A,G,36,D,8.7,25,-2.8
5PTI,A,G,36,S,4.6,72.6,-0.7
5PTI,A,G,37,A,5.5,23.9,-3.01
5PTI,A,G,37,D,8.7,25,-1.7
5PTI,A,N,44,G,2,25,-4.7
